stable_id,csv_display_name,csv_year_or_era,csv_image,csv_bio_url,repo_name,repo_year,repo_slug,wordpress_name,wordpress_year,wordpress_slug,live_name,live_visible,live_link_status,original_bio_file_match,original_bio_word_count,original_photo_file_match,original_photo_requires_visual_verification,canonical_bio_candidate,canonical_photo_candidate,biography_source_confidence,portrait_source_confidence,original_to_wordpress_text_similarity,prior_content_blocked,prior_media_blocked,remaining_biography_content_blocker,remaining_media_blocker,remaining_incomplete_biography,remaining_identity_content_blocker,remaining_blockers,recommended_migration_lane,reviewer_notes
jrhof-wp-3033,Al Raglin,2004,Al_Raglin.jpg,https://jrhof.org/inductees/al_raglin/,Al Raglin,2004,Al_Raglin,Al_Raglin,2004,al_raglin,Al Raglin,True,no_link,content/Bios/Al_Raglin.docx,229,content/Photos/Al_Raglin.jpg,False,content/Bios/Al_Raglin.docx,content/Photos/Al_Raglin.jpg,high,high,0.9642,False,False,False,False,False,False,live_archive_link,auto_prep_link_fix,Original source files map cleanly.
jrhof-wp-3000,Arny Karraker,2008,Arny_Karraker.jpg,https://jrhof.org/inductees/arny_karraker/,Arny Karraker,2008,Arny_Karraker,Arny_Karraker,2008,arny_karraker,Arny Karraker,True,no_link,content/Bios/Arny_Karraker.docx,280,content/Photos/Arny_Karraker.jpg,False,content/Bios/Arny_Karraker.docx,content/Photos/Arny_Karraker.jpg,high,high,0.9727,False,False,False,False,False,False,live_archive_link,auto_prep_link_fix,Original source files map cleanly.
jrhof-wp-3034,Art Wollenweber,1991,Art_Wollenweber.jpg,https://jrhof.org/inductees/art_wollenweber/,Art Wollenweber,1991,Art_Wollenweber,Art Wollenweber,1991,art_wollenweber,Art Wollenweber,True,links_to_bio,content/Bios/Art_Wollenweber.docx,365,content/Photos/Art_Wollenweber.jpg,False,content/Bios/Art_Wollenweber.docx,content/Photos/Art_Wollenweber.jpg,high,high,0.7279,False,False,False,False,False,False,,safe_candidate,Original source files map cleanly.
jrhof-wp-1227,Bert Borgman,2024,Bert _Borgman.jpg,https://jrhof.org/inductees/bert_borgmann/,Bert Borgmann,2024,Bert_Borgmann,Bert Borgmann,2024,bert_borgmann,Bert Borgmann,True,links_to_bio,content/Bios/Borgmann.docx,313,content/Photos/Bert_Borgmann.jpg,False,content/Bios/Borgmann.docx,content/Photos/Bert_Borgmann.jpg,high,high,0.9752,True,False,False,False,False,False,display_name_review,source_resolved_candidate,Original source files map cleanly.
jrhof-wp-2969,Bill Fanning,1991,Bill_Fanning.jpg,https://jrhof.org/inductees/william_bill_fanning/,"William ""Bill"" Fanning",1991,William_Bill_Fanning,"William ""Bill"" Fanning",1991,william_bill_fanning,Bill Fanning,True,links_to_bio,content/Bios/William_Bill_Fanning.docx,479,content/Photos/Bill_Fanning.jpg,False,content/Bios/William_Bill_Fanning.docx,content/Photos/Bill_Fanning.jpg,high,high,0.6359,True,False,False,False,False,False,,source_resolved_candidate,Original source files map cleanly.
jrhof-wp-2978,Bill Helman,1991,Bill_Helman.jpg,https://jrhof.org/inductees/bill_helman/,Bill Helman,1991,Bill_Helman,Bill Helman,1991,bill_helman,Bill Helman,True,links_to_bio,content/Bios/Bill_Helman.docx,559,content/Photos/Bill_Helman.jpg,False,content/Bios/Bill_Helman.docx,content/Photos/Bill_Helman.jpg,high,high,0.6499,True,False,False,False,False,False,,source_resolved_candidate,Original source files map cleanly.
jrhof-wp-3025,Bill Lind,1999,Bill_Lind.jpg,https://jrhof.org/inductees/bill_lind/,Bill Lind,1999,Bill_Lind,Bill Lind,1999,bill_lind,Bill Lind,True,links_to_bio,content/Bios/Bill_Lind.docx,333,,,content/Bios/Bill_Lind.docx,,high,none,0.4968,False,True,False,True,False,False,portrait/media,media_blocked,Review remaining source gaps and prior audit notes.
jrhof-wp-3099,Bill Vincent,1990,Bill_Vincent.jpg,https://jrhof.org/inductees/bill_vincent/,Bill Vincent,1990,Bill_Vincent,Bill Vincent,1990,bill_vincent,Bill Vincent,True,links_to_bio,content/Bios/Bill_Vincent.docx,341,content/Photos/Bill_Vincent.jpg,False,content/Bios/Bill_Vincent.docx,content/Photos/Bill_Vincent.jpg,high,high,0.6975,False,False,False,False,False,False,,safe_candidate,Original source files map cleanly.
jrhof-wp-3039,Bob Ferguson,1999,Bob_Ferguson.jpg,https://jrhof.org/inductees/bob_ferguson/,Bob Ferguson,1999,Bob_Ferguson,Bob Ferguson,1999,bob_ferguson,Bob Ferguson,True,links_to_bio,content/Bios/Bob_Ferguson.docx,422,,,content/Bios/Bob_Ferguson.docx,,high,none,0.0407,False,True,False,True,False,False,portrait/media,media_blocked,Review remaining source gaps and prior audit notes.
jrhof-wp-3065,Bob Jones,2013,Bob_Jones.jpg,https://jrhof.org/inductees/bob_jones/,Bob Jones,2013,Bob_Jones,Bob Jones,2013,bob_jones,Bob Jones,True,links_to_bio,content/Bios/Bob_Jones.docx,638,content/Photos/Bob_Jones.jpg,False,content/Bios/Bob_Jones.docx,content/Photos/Bob_Jones.jpg,high,high,0.2532,True,False,False,False,False,False,,source_resolved_candidate,Original source files map cleanly.
jrhof-wp-3032,Bob Meisner,2005,Bob_Meisner.jpg,https://jrhof.org/inductees/bob_meisner/,Bob Meisner,2005,Bob_Meisner,Bob Meisner,2005,bob_meisner,Bob Meisner,True,links_to_bio,content/Bios/Bob_Meisner.docx,671,content/Photos/Bob_Meisner.jpg,False,content/Bios/Bob_Meisner.docx,content/Photos/Bob_Meisner.jpg,high,high,0.3558,False,False,False,False,False,False,,safe_candidate,Original source files map cleanly.
jrhof-wp-3050,Bob Mullerberg,Pre 1990,Bob_Mullerberg.jpg,https://jrhof.org/inductees/bob_mullerberg/,Bob Mullerberg,Pre 1990,Bob_Mullerberg,Bob Mullerberg,,bob_mullerberg,Bob Mullerberg,True,links_to_bio,,0,content/Photos/Bob_Mullerberg.jpg,False,,content/Photos/Bob_Mullerberg.jpg,none,high,,True,False,True,False,True,False,biography/content,board_content_review,Review remaining source gaps and prior audit notes.
jrhof-wp-3058,Bob Ottewill,2006,Bob_Ottewill.jpg,https://jrhof.org/inductees/bob_ottewill/,Bob Ottewill,2006,Bob_Ottewill,Bob Ottewill,2006,bob_ottewill,Bob Ottewill,True,links_to_bio,content/Bios/Bob_Ottewill.docx,563,content/Photos/Bob_Ottewill.jpg,False,content/Bios/Bob_Ottewill.docx,content/Photos/Bob_Ottewill.jpg,high,high,0.6391,True,False,False,False,False,False,,source_resolved_candidate,Original source files map cleanly.
jrhof-wp-3144,Bob Westhoff,1995,Bob_Westhoff.jpg,https://jrhof.org/inductees/bob_westhoff/,Bob Westhoff,1995,Bob_Westhoff,Bob Westhoff,1995,bob_westhoff,Bob Westhoff,True,links_to_bio,,0,,,,,none,none,,True,True,True,True,True,False,biography/content; portrait/media,board_content_review,Review remaining source gaps and prior audit notes.
jrhof-wp-2992,Bruce Bradshaw,2011,Bruce_Bradshaw.jpg,https://jrhof.org/inductees/bruce_bradshaw/,Bruce Bradshaw,2011,Bruce_Bradshaw,Bruce Bradshaw,2011,bruce_bradshaw,Bruce Bradshaw,True,links_to_bio,content/Bios/Bruce_Bradshaw.docx,445,content/Photos/Bruce_Bradshaw.jpg,False,content/Bios/Bruce_Bradshaw.docx,content/Photos/Bruce_Bradshaw.jpg,high,high,0.1469,False,False,False,False,False,False,,safe_candidate,Original source files map cleanly.
jrhof-wp-2986,Bruce Grigsby,2012,Bruce_Grigsby.jpg,https://jrhof.org/inductees/bruce_grigsby/,Bruce Grigsby,2012,Bruce_Grigsby,Bruce Grigsby,2012,bruce_grigsby,Bruce Grigsby,True,links_to_bio,content/Bios/Bruce_Grigsby.docx,557,content/Photos/Bruce_Grigsby.jpg,False,content/Bios/Bruce_Grigsby.docx,content/Photos/Bruce_Grigsby.jpg,high,high,0.0765,True,False,False,False,False,False,,source_resolved_candidate,Original source files map cleanly.
jrhof-wp-2983,Bud Best,1996,Bud_Best.jpg,https://jrhof.org/inductees/bud_best/,Bud Best,1996,Bud_Best,Bud Best,1996,bud_best,Bud Best,True,links_to_bio,content/Bios/Bud_Best.docx,421,content/Photos/Bud_Best.jpg,False,content/Bios/Bud_Best.docx,content/Photos/Bud_Best.jpg,high,high,0.7039,False,False,False,False,False,False,,safe_candidate,Original source files map cleanly.
jrhof-wp-3152,Bud Schoepflin,2004,Bud_Schoepflin.jpg,https://jrhof.org/inductees/bud_schoepflin/,Bud Schoepflin,2004,Bud_Schoepflin,Bud Schoepflin,2004,bud_schoepflin,Bud Schoepflin,True,links_to_bio,content/Bios/Bud_Schoepflin.docx,688,content/Photos/Bud_Schoepflin.jpg,False,content/Bios/Bud_Schoepflin.docx,content/Photos/Bud_Schoepflin.jpg,high,high,0.6326,True,False,False,False,False,False,,source_resolved_candidate,Original source files map cleanly.
jrhof-wp-3035,"Carl Zele, Jr",2008,Carl_Zele.jpg,https://jrhof.org/inductees/carl_zele_jr/,"Carl Zele, Jr",2008,Carl_Zele_Jr,Carl Zele Jr,2008,carl_zele_jr,Carl Zele,True,links_to_bio,content/Bios/Carl_Zele_Jr.docx,667,content/Photos/Carl_Zele.jpg,False,content/Bios/Carl_Zele_Jr.docx,content/Photos/Carl_Zele.jpg,high,high,0.0926,True,False,False,False,False,False,,source_resolved_candidate,Original source files map cleanly.
jrhof-wp-2998,Charlie Chainhalt,1992,Charlie_Chainhalt.jpg,https://jrhof.org/inductees/charlie_chainhalt/,Charlie Chainhalt,1992,Charlie_Chainhalt,Charlie Chainhalt,1992,charlie_chainhalt,Charlie Chainhalt,True,links_to_bio,content/Bios/Charlie_Chainhalt.docx,432,content/Photos/Charlie_Chainhalt.jpg,False,content/Bios/Charlie_Chainhalt.docx,content/Photos/Charlie_Chainhalt.jpg,high,high,0.6583,True,False,False,False,False,False,,source_resolved_candidate,Original source files map cleanly.
jrhof-wp-3129,Chris Dittman,2000,Chris_Dittman.jpg,https://jrhof.org/inductees/chris_dittman/,Chris Dittman,2000,Chris_Dittman,Chris Dittman,2000,chris_dittman,Chris Dittman,True,links_to_bio,content/Bios/Chris_Dittman.docx,597,content/Photos/Chris_Dittman.jpg,False,content/Bios/Chris_Dittman.docx,content/Photos/Chris_Dittman.jpg,high,high,0.6414,True,False,False,False,False,False,,source_resolved_candidate,Original source files map cleanly.
jrhof-wp-3094,Chuck Denney,Pre 1990,Chuck_Denney.jpg,https://jrhof.org/inductees/chuck_denney/,Chuck Denney,Pre 1990,Chuck_Denney,Chuck Denney,,chuck_denney,Chuck Denney,True,links_to_bio,content/Bios/Chuck_Denney.docx,514,content/Photos/Chuck_Denney.jpg,False,content/Bios/Chuck_Denney.docx,content/Photos/Chuck_Denney.jpg,high,high,0.6621,True,False,False,False,False,False,,source_resolved_candidate,Original source files map cleanly.
jrhof-wp-2996,Cliff Hendrick,1997,Cliff_Hendrick.jpg,https://jrhof.org/inductees/cliff_hendrick/,Cliff Hendrick,1997,Cliff_Hendrick,Cliff Hendrick,1997,cliff_hendrick,Cliff Hendrick,True,links_to_bio,content/Bios/Cliff_Hendrick.docx,467,content/Photos/Cliff_Hendrick.jpg,False,content/Bios/Cliff_Hendrick.docx,content/Photos/Cliff_Hendrick.jpg,high,high,0.6527,True,False,False,False,False,False,,source_resolved_candidate,Original source files map cleanly.
jrhof-wp-3055,Dan Cholas,2014,Dan_Cholas.jpg,https://jrhof.org/inductees/dan_cholas/,Dan Cholas,2014,Dan_Cholas,Dan Cholas,2014,dan_cholas,Dan Cholas,True,links_to_bio,content/Bios/Dan_Cholas.docx,641,content/Photos/Dan_Cholas.jpg,False,content/Bios/Dan_Cholas.docx,content/Photos/Dan_Cholas.jpg,high,high,0.2718,True,False,False,False,False,False,,source_resolved_candidate,Original source files map cleanly.
jrhof-wp-3031,Dan Ringsby,2020,Dan_Ringsby.jpg,https://jrhof.org/inductees/dan_ringsby/,Dan Ringsby,2020,Dan_Ringsby,Dan Ringsby,2020,dan_ringsby,Dan Ringsby,True,links_to_bio,,0,content/Photos/Dan_Ringsby.jpg,False,,content/Photos/Dan_Ringsby.jpg,none,high,,True,False,True,False,True,False,biography/content,board_content_review,Review remaining source gaps and prior audit notes.
jrhof-wp-1231,Dan Weikle,2024,Dan _Weikle.jpg,https://jrhof.org/inductees/dan_weikle/,Dan Weikle,2024,Dan_Weikle,Dan Weikle,2024,dan_weikle,Dan Weikle,True,links_to_bio,content/Bios/Dan_Weikle.docx,604,content/Photos/Dan_Weikle.jpg,False,content/Bios/Dan_Weikle.docx,content/Photos/Dan_Weikle.jpg,high,high,0.1532,True,False,False,False,False,False,,source_resolved_candidate,Original source files map cleanly.
jrhof-wp-3045,Dave Baker,2023,Dave_Baker.jpg,https://jrhof.org/inductees/dave_baker/,"Dave ""Chick"" Baker",2023,Dave_Chick_Baker,"Dave ""Chick"" Baker",2023,dave_baker,Dave Baker,True,links_to_bio,content/Bios/Dave_Chick_Baker.docx,220,content/Photos/Dave_Baker.jpg,False,content/Bios/Dave_Chick_Baker.docx,content/Photos/Dave_Baker.jpg,high,high,0.9768,False,False,False,False,False,False,,safe_candidate,Original source files map cleanly.
jrhof-wp-3140,Dave Schmidt,2011,Dave_Schmidt.jpg,https://jrhof.org/inductees/dave_schmidt/,Dave Schmidt,2011,Dave_Schmidt,Dave Schmidt,2011,dave_schmidt,Dave Schmidt,True,links_to_bio,content/Bios/Dave_Schmidt.docx,463,content/Photos/Dave_Schmidt.jpg,False,content/Bios/Dave_Schmidt.docx,content/Photos/Dave_Schmidt.jpg,high,high,0.6955,False,True,False,False,False,False,,source_resolved_candidate,Original non-empty biography and person-specific .jpg resolve the prior source uncertainty; a Missing placeholder duplicate should be ignored.
jrhof-wp-3011,David Letofsky,Pre 1990,David_Letofsky.jpg,https://jrhof.org/inductees/david_letofsky/,David Letofsky,Pre 1990,David_Letofsky,David Letofsky,,david_letofsky,David Letofsky,True,links_to_bio,content/Bios/David_Letofsky.docx,447,content/Photos/David_Letofsky.jpg,False,content/Bios/David_Letofsky.docx,content/Photos/David_Letofsky.jpg,high,high,0.6888,False,False,False,False,False,False,,safe_candidate,Original source files map cleanly.
jrhof-wp-3104,Del Petersen,2000,Del_Petersen.jpg,https://jrhof.org/inductees/del_petersen/,Del Petersen,2000,Del_Petersen,Del Petersen,2000,del_petersen,Del Petersen,True,links_to_bio,,0,,,,,none,none,,True,True,True,True,True,False,biography/content; portrait/media,board_content_review,Review remaining source gaps and prior audit notes.
jrhof-wp-2999,Dennis Smith,2017,Dennis_Smith.jpg,https://jrhof.org/inductees/dennis_smith/,Dennis Smith,2017,Dennis_Smith,Dennis Smith,2017,dennis_smith,Dennis Smith,True,links_to_bio,content/Bios/Dennis_Smith.docx,368,content/Photos/Dennis_Smith.jpg,False,content/Bios/Dennis_Smith.docx,content/Photos/Dennis_Smith.jpg,high,high,0.1513,False,False,False,False,False,False,,safe_candidate,Original source files map cleanly.
jrhof-wp-3068,Dick Cartin,1993,Dick_Cartin.jpg,https://jrhof.org/inductees/dick_cartin/,Dick Cartin,1993,Dick_Cartin,Dick Cartin,1993,dick_cartin,Dick Cartin,True,links_to_bio,content/Bios/Dick_Cartin.docx,434,content/Photos/Dick_Cartin.jpg,False,content/Bios/Dick_Cartin.docx,content/Photos/Dick_Cartin.jpg,high,high,0.1331,True,False,False,False,False,False,,source_resolved_candidate,Original source files map cleanly.
jrhof-wp-3150,Dick Hotton,Pre 1990,Dick_Hotton.jpg,https://jrhof.org/inductees/dick_hotton/,Dick Hotton,Pre 1990,Dick_Hotton,Dick Hotton,,dick_hotton,Dick Hotton,True,links_to_bio,,0,,,,,none,none,,True,True,True,True,True,False,biography/content; portrait/media,board_content_review,Review remaining source gaps and prior audit notes.
jrhof-wp-3013,Dick Reininger,2016,Dick_Reininger.jpg,https://jrhof.org/inductees/richard_reininger/,"Richard ""Dick"" Reininger",2016,Richard_Dick_Reininger,"Richard ""Dick"" Reininger",2016,richard_reininger,Richard “Dick” Reininger,True,links_to_bio,content/Bios/Richard_Dick_Reininger.docx,307,content/Photos/Dick_Reininger.jpg,False,content/Bios/Richard_Dick_Reininger.docx,content/Photos/Dick_Reininger.jpg,high,high,0.012,True,False,False,False,False,False,,source_resolved_candidate,Original source files map cleanly.
jrhof-wp-2989,Dick Yates,Pre 1990,Dick_Yates.jpg,https://jrhof.org/inductees/dick_yates/,Dick Yates,Pre 1990,Dick_Yates,Dick Yates,,dick_yates,Dick Yates,True,links_to_bio,content/Bios/Dick_Yates.docx,392,content/Photos/Dick_Yates.jpg,False,content/Bios/Dick_Yates.docx,content/Photos/Dick_Yates.jpg,high,high,0.195,True,False,False,False,False,False,,source_resolved_candidate,Original source files map cleanly.
jrhof-wp-3166,Don Carlsen,2006,Don_Carlsen.jpg,https://jrhof.org/inductees/don_carlsen/,Don Carlsen,2006,Don_Carlsen,Don Carlsen,2006,don_carlsen,Don Carlsen,True,links_to_bio,content/Bios/Don_Carlsen.docx,646,content/Photos/Don_Carlsen.jpg,False,content/Bios/Don_Carlsen.docx,content/Photos/Don_Carlsen.jpg,high,high,0.6557,True,False,False,False,False,False,,source_resolved_candidate,Original source files map cleanly.
jrhof-wp-3061,Don Cimaglia,1995,Don_Cimaglia.jpg,https://jrhof.org/inductees/don_cimaglia/,Don Cimaglia,1995,Don_Cimaglia,Don Cimaglia,1995,don_cimaglia,Don Cimaglia,True,links_to_bio,,0,,,,,none,none,,True,True,True,True,True,False,biography/content; portrait/media,board_content_review,Original DOCX is empty; .jpg is the same generic silhouette used for four people and is not a portrait.
jrhof-wp-3043,Don Hegi,2020,Don_Hegi.jpg,https://jrhof.org/inductees/don_hegi/,Don Hegi,2020,Don_Hegi,Don Hegi,2020,don_hegi,Don Hegi,True,links_to_bio,,0,content/Photos/Don_Hegi.jpg,False,,content/Photos/Don_Hegi.jpg,none,high,,True,False,True,False,True,False,biography/content,board_content_review,Review remaining source gaps and prior audit notes.
jrhof-wp-3049,Don Shiverdecker,Pre 1990,Don_Shiverdecker.jpg,https://jrhof.org/inductees/don_shiverdecker/,Don Shiverdecker,Pre 1990,Don_Shiverdecker,Don Shiverdecker,,don_shiverdecker,Don Shiverdecker,True,links_to_bio,,0,,,,,none,none,,True,True,True,True,True,False,biography/content; portrait/media,board_content_review,Review remaining source gaps and prior audit notes.
jrhof-wp-3017,Don Stengel,2014,Don_Stengel.jpg,https://jrhof.org/inductees/don_stengel/,Don Stengel,2014,Don_Stengel,Don Stengel,2014,don_stengel,Don Stengel,True,links_to_bio,content/Bios/Don_Stengel.docx,406,content/Photos/Don_Stengel.jpg,False,content/Bios/Don_Stengel.docx,content/Photos/Don_Stengel.jpg,high,high,0.5467,True,False,False,False,False,False,,source_resolved_candidate,Original source files map cleanly.
jrhof-wp-3109,Doug Graham,2016,Doug_Graham.jpg,https://jrhof.org/inductees/doug_graham/,Doug Graham,2016,Doug_Graham,Doug Graham,2016,doug_graham,Doug Graham,True,links_to_bio,content/Bios/Doug_Graham.docx,254,content/Photos/Doug_Graham.jpg,False,content/Bios/Doug_Graham.docx,content/Photos/Doug_Graham.jpg,high,high,0.2971,False,False,False,False,False,False,,safe_candidate,Original source files map cleanly.
jrhof-wp-3014,Ed OConnor,2013,Ed_OConnor.jpg,https://jrhof.org/inductees/ed_oconnor/,Ed OConnor,2013,Ed_OConnor,Ed O'Connor,2013,ed_oconnor,Ed OConnor,True,links_to_bio,content/Bios/Ed_OConnor.docx,450,content/Photos/Ed_OConnor.jpg,False,content/Bios/Ed_OConnor.docx,content/Photos/Ed_OConnor.jpg,high,high,0.2525,False,False,False,False,False,False,,safe_candidate,Original source files map cleanly.
jrhof-wp-3107,Ed Tracy,Pre 1990,Ed_Tracy.jpg,https://jrhof.org/inductees/ed_tracy/,Ed Tracy,Pre 1990,Ed_Tracy,Ed Tracy,,ed_tracy,Ed Tracy,True,links_to_bio,,0,,,,,none,none,,True,True,True,True,True,False,biography/content; portrait/media,board_content_review,Review remaining source gaps and prior audit notes.
jrhof-wp-3067,Ed Underwood,1997,Ed_Underwood.jpg,https://jrhof.org/inductees/ed_underwood/,Ed Underwood,1997,Ed_Underwood,Ed Underwood,1997,ed_underwood,Ed Underwood,True,links_to_bio,content/Bios/Ed_Underwood.docx,409,content/Photos/Ed_Underwood.jpg,False,content/Bios/Ed_Underwood.docx,content/Photos/Ed_Underwood.jpg,high,high,0.0779,True,False,False,False,False,False,,source_resolved_candidate,Original source files map cleanly.
jrhof-wp-3162,Edmund DHaillecourt,Pre 1990,Edmund_DHaillecourt.jpg,https://jrhof.org/inductees/edmund_dhaillecourt/,Edmund DHaillecourt,Pre 1990,Edmund_DHaillecourt,Edmund DHaillecourt,,edmund_dhaillecourt,Edmund DHaillecourt,True,links_to_bio,,0,,,,,none,none,,True,True,True,True,True,False,biography/content; portrait/media,board_content_review,Original DOCX is empty; .jpg is the same generic silhouette used for four people and is not a portrait.
jrhof-wp-3018,Edward Stevens,1990,Edward_Stevens.jpg,https://jrhof.org/inductees/edward_stevens/,Edward Stevens,1990,Edward_Stevens,Edward Stevens,1990,edward_stevens,Edward Stevens,True,links_to_bio,content/Bios/Edward_Stevens.docx,470,content/Photos/Edward_Stevens.jpg,False,content/Bios/Edward_Stevens.docx,content/Photos/Edward_Stevens.jpg,high,high,0.6894,False,False,False,False,False,False,,safe_candidate,Original source files map cleanly.
jrhof-wp-3053,Ernest Cavalieri,1993,Ernest_Cavalieri.jpg,https://jrhof.org/inductees/ernest_cavalieri/,Ernest Cavalieri,1993,Ernest_Cavalieri,Ernest Cavalieri,1993,ernest_cavalieri,Ernest Cavalieri,True,links_to_bio,,0,,,,,none,none,,True,True,True,True,True,False,biography/content; portrait/media,board_content_review,Review remaining source gaps and prior audit notes.
jrhof-wp-3158,Ernie Kozacek,2006,Ernie_Kozacek.jpg,https://jrhof.org/inductees/ernie_kozacek/,Ernie Kozacek,2006,Ernie_Kozacek,Ernie Kozacek,2006,ernie_kozacek,Ernie Kozacek,True,links_to_bio,content/Bios/Ernie_Kozacek.docx,382,content/Photos/Ernie_Kozacek.jpg,False,content/Bios/Ernie_Kozacek.docx,content/Photos/Ernie_Kozacek.jpg,high,high,0.6514,True,False,False,False,False,False,,source_resolved_candidate,Original source files map cleanly.
jrhof-wp-3026,Ernie Ortiz,2008,Ernie_Ortiz.jpg,https://jrhof.org/inductees/ernie_ortiz/,Ernie Ortiz,2008,Ernie_Ortiz,Ernie Ortiz,2008,ernie_ortiz,Ernie Ortiz,True,links_to_bio,content/Bios/Ernie_Ortiz.docx,628,content/Photos/Ernie_Ortiz.jpg,False,content/Bios/Ernie_Ortiz.docx,content/Photos/Ernie_Ortiz.jpg,high,high,0.0701,False,False,False,False,False,False,,safe_candidate,Original source files map cleanly.
jrhof-wp-3080,Ervin Douglas,Pre 1990,Ervin_Douglas.jpg,https://jrhof.org/inductees/ervin_douglas/,Ervin Douglas,Pre 1990,Ervin_Douglas,Ervin Douglas,,ervin_douglas,Ervin Douglas,True,links_to_bio,,0,,,,,none,none,,True,True,True,True,True,False,biography/content; portrait/media,board_content_review,Original DOCX is empty; .jpg is the same generic silhouette used for four people and is not a portrait.
jrhof-wp-3112,Francis Ford,1992,Francis_Ford.jpg,https://jrhof.org/inductees/francis_ford/,Francis Ford,1992,Francis_Ford,Francis Ford,1992,francis_ford,Francis Ford,True,no_link,,0,,,,,none,none,,True,True,True,True,True,False,biography/content; portrait/media; live_archive_link,board_content_review,Review remaining source gaps and prior audit notes.
jrhof-wp-3070,Frank DeAngelis,2009,Frank_DeAngelis.jpg,https://jrhof.org/inductees/frank_deangelis/,Frank DeAngelis,2009,Frank_DeAngelis,Frank DeAngelis,2009,frank_deangelis,Frank DeAngelis,True,links_to_bio,content/Bios/Frank_DeAngelis.docx,832,content/Photos/Frank_DeAngelis.jpg,False,content/Bios/Frank_DeAngelis.docx,content/Photos/Frank_DeAngelis.jpg,high,high,0.1155,True,False,False,False,False,False,,source_resolved_candidate,Original source files map cleanly.
jrhof-wp-3002,Frank Messenger,2000,Frank_Messenger.jpg,https://jrhof.org/inductees/frank_messenger/,Frank Messenger,2000,Frank_Messenger,Frank Messenger,2000,frank_messenger,Frank Messenger,True,links_to_bio,content/Bios/Frank_Messenger.docx,637,content/Photos/Frank_Messenger.jpg,False,content/Bios/Frank_Messenger.docx,content/Photos/Frank_Messenger.jpg,high,high,0.1263,True,False,False,False,False,False,,source_resolved_candidate,Original source files map cleanly.
jrhof-wp-3057,Frank Prentup,Pre 1990,Frank_Prentup.jpg,https://jrhof.org/inductees/frank_prentup/,Frank Prentup,Pre 1990,Frank_Prentup,Frank Prentup,,frank_prentup,Frank Prentup,True,links_to_bio,content/Bios/Frank_Prentup.docx,821,content/Photos/Frank_Prentup.jpg,False,content/Bios/Frank_Prentup.docx,content/Photos/Frank_Prentup.jpg,high,high,0.6194,False,False,False,False,False,False,,safe_candidate,Original source files map cleanly.
jrhof-wp-3030,Frank Zele,1990,Frank_Zele.jpg,https://jrhof.org/inductees/frank_zele/,Frank Zele,1990,Frank_Zele,Frank Zele,1990,frank_zele,Frank Zele,True,links_to_bio,content/Bios/Frank_Zele.docx,219,,,content/Bios/Frank_Zele.docx,,high,none,0.6938,False,True,False,True,False,False,portrait/media,media_blocked,Review remaining source gaps and prior audit notes.
jrhof-wp-3101,Fred Zuercher,2026,Fred_Zuercher.jpg,https://jrhof.org/inductees/fred_zuercher/,Fred Zuercher,2026,Fred_Zuercher,Fred Zuercher,2026,fred_zuercher,Fred Zuercher,True,links_to_bio,content/Bios/Fred_Zuercher.docx,1313,content/Photos/Fred_Zuercher.jpg,False,content/Bios/Fred_Zuercher.docx,content/Photos/Fred_Zuercher.jpg,high,high,0.3889,False,False,False,False,False,False,,safe_candidate,Original source files map cleanly.
jrhof-wp-3157,Fritz Johnstone,2010,Fritz_Johnstone.jpg,https://jrhof.org/inductees/fritz_johnstone/,Fritz Johnstone,2010,Fritz_Johnstone,Fritz Johnstone,2010,fritz_johnstone,Fritz Johnstone,True,links_to_bio,content/Bios/Fritz_Johnstone.docx,460,content/Photos/Fritz_Johnstone.jpg,False,content/Bios/Fritz_Johnstone.docx,content/Photos/Fritz_Johnstone.jpg,high,high,0.6414,True,False,False,False,False,False,,source_resolved_candidate,Original source files map cleanly.
jrhof-wp-3005,Gary Baker,2003,Gary_Baker.jpg,https://jrhof.org/inductees/gary_baker/,Gary Baker,2003,Gary_Baker,Gary Baker,2003,gary_baker,Gary Baker,True,links_to_bio,content/Bios/Gary_Baker.docx,368,content/Photos/Gary_Baker.jpg,False,content/Bios/Gary_Baker.docx,content/Photos/Gary_Baker.jpg,high,high,0.6854,False,False,False,False,False,False,,safe_candidate,Original source files map cleanly.
jrhof-wp-3106,Gene Bunnelle,1990,Gene_Bunnelle.jpg,https://jrhof.org/inductees/gene_bunnelle/,Gene Bunnelle,1990,Gene_Bunnelle,Gene Bunnelle,1990,gene_bunnelle,Gene Bunnelle,True,links_to_bio,content/Bios/Gene_Bunnelle.docx,430,content/Photos/Gene_Bunnelle.jpg,False,content/Bios/Gene_Bunnelle.docx,content/Photos/Gene_Bunnelle.jpg,high,high,0.1286,True,False,False,False,False,False,,source_resolved_candidate,Original source files map cleanly.
jrhof-wp-3022,Gene Rozzelle,Pre 1990,Gene_Rozzelle.jpg,Gene_Rozzelle,Gene Rozelle,Pre 1990,Gene_Rozelle,Gene_Rozelle,,gene_rozelle,,False,no_link,content/Bios/Gene_Rozelle.docx,188,content/Photos/Gene_Rozelle.jpg,False,content/Bios/Gene_Rozelle.docx,content/Photos/Gene_Rozelle.jpg,high,high,1.0,False,False,False,False,False,False,display_name_review; live_archive_link,auto_prep_link_fix,"Control roster spells Rozzelle; repository, WordPress, biography filename, and photo filename use Rozelle. Also absent from live archive."
jrhof-wp-3064,George Demetriou,2026,George_Demetriou.jpg,https://jrhof.org/inductees/george_demetriou/,George Demetriou,2026,George_Demetriou,George Demetriou,2026,george_demetriou,George Demetriou,True,links_to_bio,content/Bios/George_Demetriou.docx,1136,content/Photos/George_Demetriou.jpg,False,content/Bios/George_Demetriou.docx,content/Photos/George_Demetriou.jpg,high,high,0.1702,False,False,False,False,False,False,,safe_candidate,Original source files map cleanly.
jrhof-wp-3143,George Theodore,Pre 1990,George_Theodore.jpg,https://jrhof.org/inductees/george_theodore/,George Theodore,Pre 1990,George_Theodore,George Theodore,,george_theodore,George Theodore,True,links_to_bio,,0,,,,,none,none,,True,True,True,True,True,False,biography/content; portrait/media,board_content_review,Review remaining source gaps and prior audit notes.
jrhof-wp-3160,Gordon Cooper,2002,Gordon_Cooper.jpg,https://jrhof.org/inductees/gordon_cooper/,Gordon Cooper,2002,Gordon_Cooper,Gordon Cooper,2002,gordon_cooper,Gordon Cooper,True,links_to_bio,content/Bios/Gordon_Cooper.docx,577,content/Photos/Gordon_Cooper.jpg,False,content/Bios/Gordon_Cooper.docx,content/Photos/Gordon_Cooper.jpg,high,high,0.6638,True,False,False,False,False,False,,source_resolved_candidate,Original source files map cleanly.
jrhof-wp-3054,H_R Phillips,Pre 1990,H_R_Phillips.jpg,https://jrhof.org/inductees/h_r_phillips/,H_R Phillips,Pre 1990,H_R_Phillips,H.R. Phillips,,h_r_phillips,H.R. Phillips,True,links_to_bio,content/Bios/H_R_Phillips.docx,321,content/Photos/H_R_Phillips.jpg,False,content/Bios/H_R_Phillips.docx,content/Photos/H_R_Phillips.jpg,high,high,0.2253,False,False,False,False,False,False,,safe_candidate,Original source files map cleanly.
jrhof-wp-3114,Harry Wise,1992,Harry_Wise.jpg,https://jrhof.org/inductees/harry_wise/,Harry Wise,1992,Harry_Wise,Harry Wise,1992,harry_wise,Harry Wise,True,links_to_bio,content/Bios/Harry_Wise.docx,543,content/Photos/Harry_Wise.jpg,False,content/Bios/Harry_Wise.docx,content/Photos/Harry_Wise.jpg,high,high,0.6729,True,False,False,False,False,False,,source_resolved_candidate,Original source files map cleanly.
jrhof-wp-2971,Howard Dunbar,1997,Howard_Dunbar.jpg,https://jrhof.org/inductees/howard_dunbar/,Howard Dunbar,1997,Howard_Dunbar,Howard Dunbar,1997,howard_dunbar,Howard Dunbar,True,links_to_bio,content/Bios/Howard_Dunbar.docx,422,,,content/Bios/Howard_Dunbar.docx,,high,none,0.6319,True,True,False,True,False,False,portrait/media,media_blocked,Review remaining source gaps and prior audit notes.
jrhof-wp-3008,Howard Wentz,1997,Howard_Wentz.jpg,https://jrhof.org/inductees/howard_wentz/,Howard Wentz,1997,Howard_Wentz,Howard Wentz,1997,howard_wentz,Howard Wentz,True,links_to_bio,content/Bios/Howard_Wentz.docx,437,content/Photos/Howard_Wentz.jpg,False,content/Bios/Howard_Wentz.docx,content/Photos/Howard_Wentz.jpg,high,high,0.0228,True,False,False,False,False,False,,source_resolved_candidate,Original source files map cleanly.
jrhof-wp-3125,Irv Brown,2009,Irv_Brown.jpg,https://jrhof.org/inductees/irv_brown/,Irv Brown,2009,Irv_Brown,Irv Brown,2009,irv_brown,Irv Brown,True,links_to_bio,content/Bios/Irv_Brown.docx,777,content/Photos/Irv_Brown.jpg,False,content/Bios/Irv_Brown.docx,content/Photos/Irv_Brown.jpg,high,high,0.1932,True,False,False,False,False,False,,source_resolved_candidate,Original source files map cleanly.
jrhof-wp-3137,Irv Moss,1990,Irv_Moss.jpg,https://jrhof.org/inductees/irv_moss/,Irv Moss,1990,Irv_Moss,Irv Moss,1990,irv_moss,Irv Moss,True,no_link,content/Bios/Irv_Moss.docx,535,content/Photos/Irv_Moss.jpg,False,content/Bios/Irv_Moss.docx,content/Photos/Irv_Moss.jpg,high,high,0.6558,True,False,False,False,False,False,live_archive_link,source_resolved_candidate,Original source files map cleanly.
jrhof-wp-2970,Jack Smith,2011,Jack_Smith.jpg,https://jrhof.org/inductees/jack_smith/,Jack Smith,2011,Jack_Smith,Jack Smith,2011,jack_smith,Jack Smith,True,links_to_bio,content/Bios/Jack_Smith.docx,423,content/Photos/Jack_Smith.jpg,False,content/Bios/Jack_Smith.docx,content/Photos/Jack_Smith.jpg,high,high,0.1775,False,False,False,False,False,False,,safe_candidate,Original source files map cleanly.
jrhof-wp-3141,James Roorda,Pre 1990,James_Roorda.jpg,https://jrhof.org/inductees/james_roorda/,James Roorda,Pre 1990,James_Roorda,James Roorda,,james_roorda,James Roorda,True,links_to_bio,content/Bios/James_Roorda.docx,375,content/Photos/James_Roorda.jpg,False,content/Bios/James_Roorda.docx,content/Photos/James_Roorda.jpg,high,high,0.0696,True,False,False,False,False,False,,source_resolved_candidate,Original source files map cleanly.
jrhof-wp-3007,Jim Darden,1994,Jim_Darden.jpg,https://jrhof.org/inductees/jim_darden/,Jim Darden,1994,Jim_Darden,Jim Darden,1994,jim_darden,Jim Darden,True,links_to_bio,content/Bios/Jim_Darden.docx,739,content/Photos/Jim_Darden.jpg,False,content/Bios/Jim_Darden.docx,content/Photos/Jim_Darden.jpg,high,high,0.6351,True,False,False,False,False,False,,source_resolved_candidate,Original source files map cleanly.
jrhof-wp-3133,Jim Dorsey,1996,Jim_Dorsey.jpg,https://jrhof.org/inductees/jim_dorsey/,Jim Dorsey,1996,Jim_Dorsey,Jim Dorsey,1996,jim_dorsey,Jim Dorsey,True,links_to_bio,content/Bios/Jim_Dorsey.docx,254,content/Photos/Jim_Dorsey.jpg,False,content/Bios/Jim_Dorsey.docx,content/Photos/Jim_Dorsey.jpg,high,high,0.6712,False,False,False,False,False,False,,safe_candidate,Original source files map cleanly.
jrhof-wp-3051,Jim Jenkins,2002,Jim_Jenkins.jpg,https://jrhof.org/inductees/jim_jenkins/,Jim Jenkins,2002,Jim_Jenkins,Jim Jenkins,2002,jim_jenkins,Jim Jenkins,True,links_to_bio,content/Bios/Jim_Jenkins.docx,517,content/Photos/Jim_Jenkins.jpg,False,content/Bios/Jim_Jenkins.docx,content/Photos/Jim_Jenkins.jpg,high,high,0.6692,True,False,False,False,False,False,,source_resolved_candidate,Original source files map cleanly.
jrhof-wp-1235,Jim Paronto,2024,Jim _Paronto.jpg,https://jrhof.org/inductees/jim_paronto/,Jim Paronto,2024,Jim_Paronto,Jim Paronto,2024,jim_paronto,Jim Paronto,True,links_to_bio,content/Bios/Jim_Paronto.docx,380,content/Photos/Jim_Paronto.jpg,False,content/Bios/Jim_Paronto.docx,content/Photos/Jim_Paronto.jpg,high,high,0.7382,True,False,False,False,False,False,,source_resolved_candidate,Original source files map cleanly.
jrhof-wp-3029,Jim Schaefer,2004,Jim_Schaefer.jpg,https://jrhof.org/inductees/jim_schaefer/,Jim Schaefer,2004,Jim_Schaefer,Jim Schaefer,2004,jim_schaefer,Jim Schaefer,True,links_to_bio,content/Bios/Jim_Schaefer.docx,806,content/Photos/Jim_Schaefer.jpg,False,content/Bios/Jim_Schaefer.docx,content/Photos/Jim_Schaefer.jpg,high,high,0.6567,True,False,False,False,False,False,,source_resolved_candidate,Original source files map cleanly.
jrhof-wp-2980,Joe Bellich,Pre 1990,Joe_Bellich.jpg,https://jrhof.org/inductees/joe_bellich/,Joe Bellich,Pre 1990,Joe_Bellich,Joe Bellich,,joe_bellich,Joe Bellich,True,links_to_bio,,0,,,,,none,none,,True,True,True,True,True,False,biography/content; portrait/media,board_content_review,Original DOCX is empty; .jpg is the same generic silhouette used for four people and is not a portrait.
jrhof-wp-3103,Joe Bonacquista,2023,Joe_Bonacquista.jpg,https://jrhof.org/inductees/joe_bonacquista/,Joe Bonacquista,2023,Joe_Bonacquista,Joe Bonacquista,2023,joe_bonacquista,Joe Bonacquista,True,links_to_bio,content/Bios/Joe_Bonacquista.docx,488,content/Photos/Joe_Bonacquista.jpg,False,content/Bios/Joe_Bonacquista.docx,content/Photos/Joe_Bonacquista.jpg,high,high,0.989,True,False,False,False,False,False,,source_resolved_candidate,Original source files map cleanly.
jrhof-wp-3059,Joe Brooks,1992,Joe_Brooks.jpg,https://jrhof.org/inductees/joe_brooks/,Joe Brooks,1992,Joe_Brooks,Joe Brooks,1992,joe_brooks,Joe Brooks,True,links_to_bio,,0,,,,,none,none,,True,True,True,True,True,False,biography/content; portrait/media,board_content_review,Review remaining source gaps and prior audit notes.
jrhof-wp-3012,Joe Maciel,1998,Joe_Maciel.jpg,https://jrhof.org/inductees/joe_maciel/,Joe Maciel,1998,Joe_Maciel,Joe Maciel,1998,joe_maciel,Joe Maciel,True,links_to_bio,content/Bios/Joe_Maciel.docx,345,,,content/Bios/Joe_Maciel.docx,,high,none,0.4672,True,True,False,True,False,False,portrait/media,media_blocked,Review remaining source gaps and prior audit notes.
jrhof-wp-1120,Joe Rossi,1996,Joe_Rossi.jpg,https://jrhof.org/inductees/joe-rossi/,Joe Rossi,1996,Joe_Rossi,Joe Rossi,1996,joe-rossi,Joe Rossi,True,links_to_bio,content/Bios/Joe_Rossi.docx,272,content/Photos/Joe_Rossi.jpg,False,content/Bios/Joe_Rossi.docx,content/Photos/Joe_Rossi.jpg,high,high,0.6993,False,False,False,False,False,False,,safe_candidate,Original source files map cleanly.
jrhof-wp-3082,Joey Borjon,2023,Joey_Borjon.jpg,https://jrhof.org/inductees/joey_borjon/,Joey Borjon,2023,Joey_Borjon,Joey Borjon,2023,joey_borjon,Joey Borjon,True,links_to_bio,content/Bios/Joey_Borjon.docx,314,content/Photos/Joey_Borjon.jpg,False,content/Bios/Joey_Borjon.docx,content/Photos/Joey_Borjon.jpg,high,high,0.9846,False,False,False,False,False,False,,safe_candidate,Original source files map cleanly.
jrhof-wp-3048,John DeSiato,1992,John_DeSiato.jpg,https://jrhof.org/inductees/john_desiato/,John DeSiato,1992,John_DeSiato,John DeSiato,1992,john_desiato,John DeSiato,True,links_to_bio,content/Bios/John_DeSiato.docx,457,content/Photos/John_DeSiato.jpg,False,content/Bios/John_DeSiato.docx,content/Photos/John_DeSiato.jpg,high,high,0.6785,True,False,False,False,False,False,,source_resolved_candidate,Original source files map cleanly.
jrhof-wp-2974,John Walsh,2012,John_Walsh.jpg,https://jrhof.org/inductees/john_walsh/,John Walsh,2012,John_Walsh,John Walsh,2012,john_walsh,John Walsh,True,links_to_bio,content/Bios/John_Walsh.docx,455,content/Photos/John_Walsh.jpg,False,content/Bios/John_Walsh.docx,content/Photos/John_Walsh.jpg,high,high,0.6649,True,False,False,False,False,False,,source_resolved_candidate,Original source files map cleanly.
jrhof-wp-2975,John Wenglass,1987,John_Wenglass.jpg,https://jrhof.org/inductees/john_wenglass/,John Wenglass,1987,John_Wenglass,John Wenglass,1987,john_wenglass,John Wenglass,True,links_to_bio,,0,,,,,none,none,,True,True,True,True,True,False,biography/content; portrait/media,board_content_review,Review remaining source gaps and prior audit notes.
jrhof-wp-3089,Joseph Massaro,2006,Joseph_Massaro.jpg,https://jrhof.org/inductees/joseph_massaro/,Joseph Massaro,2006,Joseph_Massaro,Joseph Massaro,2006,joseph_massaro,Joseph Massaro,True,links_to_bio,content/Bios/Joseph_Massaro.docx,801,content/Photos/Joseph_Massaro.jpg,False,content/Bios/Joseph_Massaro.docx,content/Photos/Joseph_Massaro.jpg,high,high,0.6518,True,False,False,False,False,False,,source_resolved_candidate,Original source files map cleanly.
jrhof-wp-2985,Julius Carabello,1990,Julius_Carabello.jpg,https://jrhof.org/inductees/julius_carabello/,Julius Carabello,1990,Julius_Carabello,Julius Carabello,1990,julius_carabello,Julius Carabello,True,no_link,content/Bios/Julius_Carabello.docx,581,content/Photos/Julius_Carabello.jpg,False,content/Bios/Julius_Carabello.docx,content/Photos/Julius_Carabello.jpg,high,high,0.0808,False,False,False,False,False,False,live_archive_link,auto_prep_link_fix,Original source files map cleanly.
jrhof-wp-3009,Keith Bailey,2016,Keith_Bailey.jpg,https://jrhof.org/inductees/keith_bailey/,Keith Bailey,2016,Keith_Bailey,Keith Bailey,2016,keith_bailey,Keith Bailey,True,links_to_bio,content/Bios/Keith_Bailey.docx,991,content/Photos/Keith_Bailey.jpg,False,content/Bios/Keith_Bailey.docx,content/Photos/Keith_Bailey.jpg,high,high,0.4457,True,False,False,False,False,False,,source_resolved_candidate,Original source files map cleanly.
jrhof-wp-3027,Ken Furman,1998,Ken_Furman.jpg,https://jrhof.org/inductees/ken_furman/,Ken Furman,1998,Ken_Furman,Ken Furman,1998,ken_furman,Ken Furman,True,links_to_bio,content/Bios/Ken_Furman.docx,711,content/Photos/Ken_Furman.jpg,False,content/Bios/Ken_Furman.docx,content/Photos/Ken_Furman.jpg,high,high,0.6128,False,False,False,False,False,False,,safe_candidate,Original source files map cleanly.
jrhof-wp-3146,Ken Zetner,Pre 1990,Ken_Zetner.jpg,https://jrhof.org/inductees/ken_zetner/,Ken Zetner,Pre 1990,Ken_Zetner,Ken Zetner,,ken_zetner,Ken Zetner,True,no_link,,0,,,,,none,none,,True,True,True,True,True,False,biography/content; portrait/media; live_archive_link,board_content_review,Review remaining source gaps and prior audit notes.
jrhof-wp-3044,Lee Rosa,2016,Lee_Rosa.jpg,https://jrhof.org/inductees/lee_rosa/,Lee Rosa,2016,Lee_Rosa,Lee Rosa,2016,lee_rosa,Lee Rosa,True,links_to_bio,content/Bios/Lee_Rosa.docx,404,content/Photos/Lee_Rosa.jpg,False,content/Bios/Lee_Rosa.docx,content/Photos/Lee_Rosa.jpg,high,high,0.2256,True,False,False,False,False,False,,source_resolved_candidate,Original source files map cleanly.
jrhof-wp-2988,Leo Bahl,1990,Leo_Bahl.jpg,https://jrhof.org/inductees/leo_bahl/,Leo Bahl,1990,Leo_Bahl,Leo Bahl,1990,leo_bahl,Leo Bahl,True,no_link,content/Bios/Leo_Bahl.docx,493,content/Photos/Leo_Bahl.jpg,False,content/Bios/Leo_Bahl.docx,content/Photos/Leo_Bahl.jpg,high,high,0.2696,True,False,False,False,False,False,live_archive_link,source_resolved_candidate,Original source files map cleanly.
jrhof-wp-3095,Leonard Varriano,2012,Leonard_Varriano.jpg,https://jrhof.org/inductees/leonard_varriano/,Leonard Varriano,2012,Leonard_Varriano,Leonard Varriano,2012,leonard_varriano,Leonard Varriano,True,links_to_bio,content/Bios/Leonard_Varriano.docx,420,content/Photos/Leonard_Varriano.jpg,False,content/Bios/Leonard_Varriano.docx,content/Photos/Leonard_Varriano.jpg,high,high,0.1645,False,False,False,False,False,False,,safe_candidate,Original source files map cleanly.
jrhof-wp-3001,Leroy Garzonio,2000,Leroy_Garzonio.jpg,https://jrhof.org/inductees/leroy_garzonio/,Leroy Garzonio,2000,Leroy_Garzonio,Leroy Garzonio,2000,leroy_garzonio,Leroy Garzonio,True,links_to_bio,content/Bios/Leroy_Garzonio.docx,668,,,content/Bios/Leroy_Garzonio.docx,,high,none,0.2117,False,True,False,True,False,False,portrait/media,media_blocked,Review remaining source gaps and prior audit notes.
jrhof-wp-2984,Lou Nedbalski,1994,Lou_Nedbalski.jpg,https://jrhof.org/inductees/lou_nedbalski/,Lou Nedbalski,1994,Lou_Nedbalski,Lou Nedbalski,1994,lou_nedbalski,Lou Nedbalski,True,links_to_bio,content/Bios/Lou_Nedbalski.docx,858,content/Photos/Lou_Nedbalski.jpg,False,content/Bios/Lou_Nedbalski.docx,content/Photos/Lou_Nedbalski.jpg,high,high,0.2811,False,False,False,False,False,False,,safe_candidate,Original source files map cleanly.
jrhof-wp-3093,Lou Nolin,1990,Lou_Nolin.jpg,https://jrhof.org/inductees/lou_nolin/,Lou Nolin,1990,Lou_Nolin,Lou Nolin,1990,lou_nolin,Lou Nolin,True,no_link,,0,,,,,none,none,,True,True,True,True,True,False,biography/content; portrait/media; live_archive_link,board_content_review,Review remaining source gaps and prior audit notes.
jrhof-wp-3135,Lou Spector,Pre 1990,Lou_Spector.jpg,https://jrhof.org/inductees/lou_spector/,Lou Spector,Pre 1990,Lou_Spector,Lou Spector,,lou_spector,Lou Spector,True,no_link,,0,,,,,none,none,,True,True,True,True,True,False,biography/content; portrait/media; live_archive_link,board_content_review,Review remaining source gaps and prior audit notes.
jrhof-wp-2972,Manual Boody,Pre 1990,Manual_Boody.jpg,https://jrhof.org/inductees/manual_boody/,Manual Boody,Pre 1990,Manual_Boody,Manual Boody,,manual_boody,Manual Boody,True,links_to_bio,content/Bios/Manual_Boody.docx,230,content/Photos/Manual_Boody.jpg,False,content/Bios/Manual_Boody.docx,content/Photos/Manual_Boody.jpg,high,high,0.1895,False,False,False,False,False,False,,safe_candidate,Original source files map cleanly.
jrhof-wp-3088,Mark Denzin,2014,Mark_Denzin.jpg,https://jrhof.org/inductees/mark_denzin/,Mark Denzin,2014,Mark_Denzin,Mark Denzin,2014,mark_denzin,Mark Denzin,True,links_to_bio,content/Bios/Mark_Denzin.docx,701,content/Photos/Mark_Denzin.jpg,False,content/Bios/Mark_Denzin.docx,content/Photos/Mark_Denzin.jpg,high,high,0.1384,False,False,False,False,False,False,,safe_candidate,Original source files map cleanly.
jrhof-wp-3020,Mark Junge,1991,Mark_Junge.jpg,https://jrhof.org/inductees/mark_junge/,Mark Junge,1991,Mark_Junge,Mark Junge,1991,mark_junge,Mark Junge,True,links_to_bio,,0,,,,,none,none,,True,True,True,True,True,False,biography/content; portrait/media,board_content_review,Review remaining source gaps and prior audit notes.
jrhof-wp-3024,Melvin Martin,Pre 1990,Melvin_Martin.jpg,https://jrhof.org/inductees/melvin_martin/,Melvin Martin,Pre 1990,Melvin_Martin,Melvin Martin,,melvin_martin,Melvin Martin,True,links_to_bio,content/Bios/Melvin_Martin.docx,534,content/Photos/Melvin_Martin.jpg,False,content/Bios/Melvin_Martin.docx,content/Photos/Melvin_Martin.jpg,high,high,0.1126,True,False,False,False,False,False,,source_resolved_candidate,Original source files map cleanly.
jrhof-wp-3074,Mert Letofsky,Pre 1990,Mert_Letofsky.jpg,https://jrhof.org/inductees/mert_letofsky/,Mert Letofsky,Pre 1990,Mert_Letofsky,Mert Letofsky,,mert_letofsky,Mert Letofsky,True,links_to_bio,content/Bios/Mert_Letofsky.docx,513,content/Photos/Mert_Letofsky.jpg,False,content/Bios/Mert_Letofsky.docx,content/Photos/Mert_Letofsky.jpg,high,high,0.1672,True,False,False,False,False,False,,source_resolved_candidate,Original source files map cleanly.
jrhof-wp-2987,Mike Brady,2009,Mike_Brady.jpg,https://jrhof.org/inductees/mike_brady/,Mike Brady,2009,Mike_Brady,Mike Brady,2009,mike_brady,Mike Brady,True,links_to_bio,content/Bios/Mike_Brady.docx,513,content/Photos/Mike_Brady.jpg,False,content/Bios/Mike_Brady.docx,content/Photos/Mike_Brady.jpg,high,high,0.6473,True,False,False,False,False,False,,source_resolved_candidate,Original source files map cleanly.
jrhof-wp-2982,Mike Doohan,2023,Mike_Doohan.jpg,https://jrhof.org/inductees/mike_doohan/,Mike Doohan,2023,Mike_Doohan,Mike Doohan,2023,mike_doohan,Mike Doohan,True,links_to_bio,content/Bios/Mike_Doohan.docx,665,content/Photos/Mike_Doohan.jpg,False,content/Bios/Mike_Doohan.docx,content/Photos/Mike_Doohan.jpg,high,high,0.6737,True,False,False,False,False,False,,source_resolved_candidate,Original source files map cleanly.
jrhof-wp-2997,Mike Kronkright,1992,David_Kronkright.jpg,https://jrhof.org/inductees/mike_kronkright/,Mike Kronkright,1992,Mike_Kronkright,Mike Kronkright,1992,mike_kronkright,Mike Kronkright,True,links_to_bio,content/Bios/Mike_Kronkright.docx,811,content/Photos/Mike_Kronkright.jpg,False,content/Bios/Mike_Kronkright.docx,content/Photos/Mike_Kronkright.jpg,high,high,0.2076,False,False,False,False,False,False,,safe_candidate,"Control CSV Image says David_Kronkright.jpg, but original source contains Mike_Kronkright.jpg; use the person-specific source filename after review."
jrhof-wp-3019,Mitchell Burns,Pre 1990,Mitchell_Burns.jpg,https://jrhof.org/inductees/mitchell_burns/,Mitchell Burns,Pre 1990,Mitchell_Burns,Mitchell Burns,,mitchell_burns,Mitchell Burns,True,links_to_bio,content/Bios/Mitchell_Burns.docx,645,content/Photos/Mitchell_Burns.jpg,False,content/Bios/Mitchell_Burns.docx,content/Photos/Mitchell_Burns.jpg,high,high,0.3945,True,False,False,False,False,False,,source_resolved_candidate,Original source files map cleanly.
jrhof-wp-3168,Myran Dunker,2018,Myran_Dunker.jpg,https://jrhof.org/inductees/myran_dunker/,Myran Dunker,2018,Myran_Dunker,Myran Dunker,2018,myran_dunker,Myran Dunker,True,links_to_bio,content/Bios/Myran_Dunker.docx,434,content/Photos/Myran_Dunker.jpg,False,content/Bios/Myran_Dunker.docx,content/Photos/Myran_Dunker.jpg,high,high,0.2165,False,False,False,False,False,False,,safe_candidate,Original source files map cleanly.
jrhof-wp-2981,Neil Devlin,2018,Neil_Devlin.jpg,https://jrhof.org/inductees/neil_devlin/,Neil Devlin,2018,Neil_Devlin,Neil Devlin,2018,neil_devlin,Neil Devlin,True,links_to_bio,content/Bios/Neil_Devlin.docx,596,content/Photos/Neil_Devlin.jpg,False,content/Bios/Neil_Devlin.docx,content/Photos/Neil_Devlin.jpg,high,high,0.6866,False,False,False,False,False,False,,safe_candidate,Original source files map cleanly.
jrhof-wp-3117,Nick Vitale,1993,Nick_Vitale.jpg,https://jrhof.org/inductees/nick_vitale/,Nick Vitale,1993,Nick_Vitale,Nick Vitale,1993,nick_vitale,Nick Vitale,True,links_to_bio,,0,,,,,none,none,,True,True,True,True,True,False,biography/content; portrait/media,board_content_review,Review remaining source gaps and prior audit notes.
jrhof-wp-3127,Pat Haggerty,2002,Pat_Haggerty.jpg,https://jrhof.org/inductees/pat_haggerty/,Pat Haggerty,2002,Pat_Haggerty,Pat Haggerty,2002,pat_haggerty,Pat Haggerty,True,links_to_bio,content/Bios/Pat_Haggerty.docx,507,content/Photos/Pat_Haggerty.jpg,False,content/Bios/Pat_Haggerty.docx,content/Photos/Pat_Haggerty.jpg,high,high,0.1431,True,False,False,False,False,False,,source_resolved_candidate,Original source files map cleanly.
jrhof-wp-2990,Paul Babkiewich,2015,Paul_Babkiewich.jpg,https://jrhof.org/inductees/paul_babkiewich/,Paul Babkiewich,2015,Paul_Babkiewich,Paul Babkiewich,2015,paul_babkiewich,Paul Babkiewich,True,links_to_bio,content/Bios/Paul_Babkiewich.docx,523,content/Photos/Paul_Babkiewich.jpg,False,content/Bios/Paul_Babkiewich.docx,content/Photos/Paul_Babkiewich.jpg,high,high,0.1889,False,False,False,False,False,False,,safe_candidate,Original source files map cleanly.
jrhof-wp-3004,Pete Butler,Pre 1990,Pete_Butler.jpg,https://jrhof.org/inductees/pete_butler/,Pete Butler,Pre 1990,Pete_Butler,Pete Butler,,pete_butler,Pete Butler,True,links_to_bio,content/Bios/Pete_Butler.docx,565,content/Photos/Pete_Butler.jpg,False,content/Bios/Pete_Butler.docx,content/Photos/Pete_Butler.jpg,high,high,0.6414,True,False,False,False,False,False,,source_resolved_candidate,Original source files map cleanly.
jrhof-wp-3131,Pete DAmato,Pre 1990,Pete_DAmato.jpg,https://jrhof.org/inductees/pete_damato/,Pete DAmato,Pre 1990,Pete_DAmato,Pete DAmato,,pete_damato,Pete DAmato,True,links_to_bio,content/Bios/Pete_DAmato.docx,342,content/Photos/Pete_DAmato.jpg,False,content/Bios/Pete_DAmato.docx,content/Photos/Pete_DAmato.jpg,high,high,0.0589,False,False,False,False,False,False,,safe_candidate,Original source files map cleanly.
jrhof-wp-3111,Randy Holmen,2017,Randy_Holmen.jpg,https://jrhof.org/inductees/randy_holmen/,Randy Holmen,2017,Randy_Holmen,Randy Holmen,2017,randy_holmen,Randy Holmen,True,links_to_bio,content/Bios/Randy_Holmen.docx,460,content/Photos/Randy_Holmen.jpg,False,content/Bios/Randy_Holmen.docx,content/Photos/Randy_Holmen.jpg,high,high,0.4868,True,False,False,False,False,False,,source_resolved_candidate,Original source files map cleanly.
jrhof-wp-771,Ray Belfiore,2025,Ray _Belfiore.jpg,https://jrhof.org/inductees/ray_belfiore/,Ray Belfiore,2025,Ray_Belfiore,Ray Belfiore,2025,ray_belfiore,Ray Belfiore,True,links_to_bio,content/Bios/Ray_Belfiore.docx,463,content/Photos/Ray_Belfiore.jpg,False,content/Bios/Ray_Belfiore.docx,content/Photos/Ray_Belfiore.jpg,high,high,0.9771,False,False,False,False,False,False,,safe_candidate,Original source files map cleanly.
jrhof-wp-3056,Raymond Powe,2002,Raymond_Powe.jpg,https://jrhof.org/inductees/raymond_powe/,Raymond Powe,2002,Raymond_Powe,Raymond Powe,2002,raymond_powe,Raymond Powe,True,links_to_bio,content/Bios/Raymond_Powe.docx,392,content/Photos/Raymond_Powe.jpg,False,content/Bios/Raymond_Powe.docx,content/Photos/Raymond_Powe.jpg,high,high,0.6859,False,False,False,False,False,False,,safe_candidate,Original source files map cleanly.
jrhof-wp-3046,Rich Czernicki,2008,Rich_Czernicki.jpg,https://jrhof.org/inductees/rich_czernicki/,Rich Czernicki,2008,Rich_Czernicki,Rich Czernicki,2008,rich_czernicki,Rich Czernicki,True,links_to_bio,content/Bios/Rich_Czernicki.docx,752,content/Photos/Rich_Czernicki.jpg,False,content/Bios/Rich_Czernicki.docx,content/Photos/Rich_Czernicki.jpg,high,high,0.6389,True,False,False,False,False,False,,source_resolved_candidate,Original source files map cleanly.
jrhof-wp-3091,Richard Chandler,2001,Richard_Chandler.jpg,https://jrhof.org/inductees/richard_chandler/,Richard Chandler,2001,Richard_Chandler,Richard Chandler,2001,richard_chandler,Richard Chandler,True,no_link,content/Bios/Richard_Chandler.docx,694,content/Photos/Richard_Chandler.jpg,False,content/Bios/Richard_Chandler.docx,content/Photos/Richard_Chandler.jpg,high,high,0.6312,True,False,False,False,False,False,live_archive_link,source_resolved_candidate,Original source files map cleanly.
jrhof-wp-3121,Richard Fanning,2007,Richard_Fanning.jpg,https://jrhof.org/inductees/richard_fanning/,Richard Fanning,2007,Richard_Fanning,Richard Fanning,2007,richard_fanning,Richard Fanning,True,no_link,content/Bios/Richard_Fanning.docx,878,content/Photos/Richard_Fanning.jpg,False,content/Bios/Richard_Fanning.docx,content/Photos/Richard_Fanning.jpg,high,high,0.4781,False,False,False,False,False,False,live_archive_link,auto_prep_link_fix,Original source files map cleanly.
jrhof-wp-3023,Richard Hawkins,2001,Richard_Hawkins.jpg,https://jrhof.org/inductees/richard_hawkins/,Richard Hawkins,2001,Richard_Hawkins,Richard Hawkins,2001,richard_hawkins,Richard Hawkins,True,links_to_bio,content/Bios/Richard_Hawkins.docx,1014,content/Photos/Richard_Hawkins.jpg,False,content/Bios/Richard_Hawkins.docx,content/Photos/Richard_Hawkins.jpg,high,high,0.6011,False,False,False,False,False,False,,safe_candidate,Original source files map cleanly.
jrhof-wp-2994,Richard Mauro,2010,Richard_Mauro.jpg,https://jrhof.org/inductees/richard_mauro/,Richard Mauro,2010,Richard_Mauro,Richard Mauro,2010,richard_mauro,Richard Mauro,True,links_to_bio,content/Bios/Richard_Mauro.docx,437,content/Photos/Richard_Mauro.jpg,False,content/Bios/Richard_Mauro.docx,content/Photos/Richard_Mauro.jpg,high,high,0.1199,False,False,False,False,False,False,,safe_candidate,Original source files map cleanly.
jrhof-wp-3170,Robert Blaser,2007,Robert_Blaser.jpg,https://jrhof.org/inductees/robert_blaser/,Robert Blaser,2007,Robert_Blaser,Robert Blaser,2007,robert_blaser,Robert Blaser,True,links_to_bio,content/Bios/Robert_Blaser.docx,630,content/Photos/Robert_Blaser.jpg,False,content/Bios/Robert_Blaser.docx,content/Photos/Robert_Blaser.jpg,high,high,0.6728,True,False,False,False,False,False,,source_resolved_candidate,Original source files map cleanly.
jrhof-wp-3066,Robert Campbell,2008,Robert_Campbell.jpg,https://jrhof.org/inductees/robert_campbell/,Robert Campbell,2008,Robert_Campbell,Robert Campbell,2008,robert_campbell,Robert Campbell,True,links_to_bio,content/Bios/Robert_Campbell.docx,1164,content/Photos/Robert_Campbell.jpg,False,content/Bios/Robert_Campbell.docx,content/Photos/Robert_Campbell.jpg,high,high,0.1693,False,False,False,False,False,False,,safe_candidate,Original source files map cleanly.
jrhof-wp-3076,Robert Schnabel,2010,Robert_Schnabel.jpg,https://jrhof.org/inductees/robert_schnabel/,Robert Schnabel,2010,Robert_Schnabel,Robert Schnabel,1996,robert_schnabel,Robert Schnabel,True,no_link,content/Bios/Robert_Schnabel.docx,113,content/Photos/Robert_Schnabel.jpg,False,content/Bios/Robert_Schnabel.docx,content/Photos/Robert_Schnabel.jpg,high,high,0.0786,True,False,False,False,False,False,live_archive_link,source_resolved_candidate,Correct 2010 Robert Schnabel biography and person-specific portrait are present in original sources. WordPress/live biography is explicitly excluded.
jrhof-wp-3042,Roger Kinney,1993,Roger_Kinney.jpg,https://jrhof.org/inductees/roger_kinney/,Roger Kinney,1993,Roger_Kinney,Roger Kinney,1993,roger_kinney,Roger Kinney,True,links_to_bio,content/Bios/Roger_Kinney.docx,825,content/Photos/Roger_Kinney.jpg,False,content/Bios/Roger_Kinney.docx,content/Photos/Roger_Kinney.jpg,high,high,0.1267,False,False,False,False,False,False,,safe_candidate,Original source files map cleanly.
jrhof-wp-3037,Ron Piotraschke,2002,Ron_Piotraschke.jpg,https://jrhof.org/inductees/ron_piotraschke/,Ron Piotraschke,2002,Ron_Piotraschke,Ron Piotraschke,2002,ron_piotraschke,Ron Piotraschke,True,links_to_bio,content/Bios/Ron_Piotraschke.docx,536,content/Photos/Ron_Piotraschke.jpg,False,content/Bios/Ron_Piotraschke.docx,content/Photos/Ron_Piotraschke.jpg,high,high,0.1201,True,False,False,False,False,False,,source_resolved_candidate,Original source files map cleanly.
jrhof-wp-3148,Ron Sisson,Pre 1990,Ron_Sisson.jpg,https://jrhof.org/inductees/ron_sisson/,Ron Sisson,Pre 1990,Ron_Sisson,Ron Sisson,,ron_sisson,Ron Sisson,True,links_to_bio,content/Bios/Ron_Sisson.docx,260,content/Photos/Ron_Sisson.jpg,False,content/Bios/Ron_Sisson.docx,content/Photos/Ron_Sisson.jpg,high,high,0.1715,False,False,False,False,False,False,,safe_candidate,Original source files map cleanly.
jrhof-wp-3062,Ross Barlow,2015,Ross_Barlow.jpg,https://jrhof.org/inductees/ross_barlow/,Ross Barlow,2015,Ross_Barlow,Ross Barlow,2015,ross_barlow,Ross Barlow,True,links_to_bio,content/Bios/Ross_Barlow.docx,468,content/Photos/Ross_Barlow.jpg,False,content/Bios/Ross_Barlow.docx,content/Photos/Ross_Barlow.jpg,high,high,0.7043,False,False,False,False,False,False,,safe_candidate,Original source files map cleanly.
jrhof-wp-3097,Ross MacAskill,2003,Ross_MacAskill.jpg,https://jrhof.org/inductees/ross_macaskill/,Ross MacAskill,2003,Ross_MacAskill,Ross MacAskill,2003,ross_macaskill,Ross MacAskill,True,links_to_bio,content/Bios/Ross_MacAskill.docx,497,content/Photos/Ross_MacAskill.jpg,False,content/Bios/Ross_MacAskill.docx,content/Photos/Ross_MacAskill.jpg,high,high,0.6399,True,False,False,False,False,False,,source_resolved_candidate,Original source files map cleanly.
jrhof-wp-3006,Sal Salazar,Pre 1990,Sal_Salazar.jpg,https://jrhof.org/inductees/sal_salazar/,Sal Salazar,Pre 1990,Sal_Salazar,Sal Salazar,,sal_salazar,Sal Salazar,True,links_to_bio,,0,,,,,none,none,,True,True,True,True,True,False,biography/content; portrait/media,board_content_review,Review remaining source gaps and prior audit notes.
jrhof-wp-3015,Sam Corentino,Pre 1990,Sam_Corentino.jpg,https://jrhof.org/inductees/sam_corsentino/,Sam Corentino,Pre 1990,Sam_Corentino,Sam Corsentino,,sam_corsentino,Sam Corentino,True,links_to_bio,content/Bios/Sam_Corentino.docx,464,content/Photos/Sam_Corsentino.jpg,False,content/Bios/Sam_Corentino.docx,,medium,medium,0.7067,True,False,True,False,False,True,biography/content; identity,identity_blocked,Control/repository/live use Corentino; WordPress and source photo use Corsentino. Board should confirm legal/display spelling.
jrhof-wp-3164,Sid Peretti,1995,Sid_Peretti.jpg,https://jrhof.org/inductees/sid_peretti/,Sid Peretti,1995,Sid_Peretti,Sid Peretti,1995,sid_peretti,Sid Peretti,True,links_to_bio,,0,,,,,none,none,,True,True,True,True,True,False,biography/content; portrait/media,board_content_review,Review remaining source gaps and prior audit notes.
jrhof-wp-1109,Steve Heuer,2025,Steve _Heuer.jpg,https://jrhof.org/inductees/steve_heuer/,Steve Heuer,2025,Steve_Heuer,Steve Heuer,2025,steve_heuer,Steve Heuer,True,links_to_bio,content/Bios/Steve_Heuer.docx,389,content/Photos/Steve_Heuer.jpg,False,content/Bios/Steve_Heuer.docx,content/Photos/Steve_Heuer.jpg,high,high,0.9877,False,False,False,False,False,False,,safe_candidate,Original source files map cleanly.
jrhof-wp-3072,Steve Usecheck,1999,Steve_Usecheck.jpg,https://jrhof.org/inductees/steve_usecheck/,Steve Usecheck,1999,Steve_Usecheck,Steve Usecheck Jr.,1999,steve_usecheck,Steve Usecheck,True,links_to_bio,content/Bios/Steve_Usecheck.docx,556,content/Photos/Steve_Usecheck.jpg,False,content/Bios/Steve_Usecheck.docx,content/Photos/Steve_Usecheck.jpg,high,high,0.2176,True,False,False,False,False,False,display_name_review,source_resolved_candidate,"Original biography text uses Steve Usechek, Jr.; control roster uses Steve Usecheck. Confirm preferred spelling/suffix."
jrhof-wp-2991,Stormy Stucker,Pre 1990,Stormy_Stucker.jpg,https://jrhof.org/inductees/stormy_stucker/,Stormy Stucker,Pre 1990,Stormy_Stucker,Stormy Stucker,,stormy_stucker,Stormy Stucker,True,links_to_bio,,0,,,,,none,none,,True,True,True,True,True,False,biography/content; portrait/media,board_content_review,Review remaining source gaps and prior audit notes.
jrhof-wp-2977,Terry Angell,2026,Terry_Angell.jpg,https://jrhof.org/inductees/terry_angell/,Terry Angell,2026,Terry_Angell,Terry Angell,2026,terry_angell,Terry Angell,True,links_to_bio,content/Bios/Terry_Angell.docx,1024,content/Photos/Terry_Angell.jpg,False,content/Bios/Terry_Angell.docx,content/Photos/Terry_Angell.jpg,high,high,0.1222,False,False,False,False,False,False,,safe_candidate,Original source files map cleanly.
jrhof-wp-3116,Terry Garvey,2015,Ray_Garvey.jpg,https://jrhof.org/inductees/terry_garvey/,Terry Garvey,2015,Terry_Garvey,Terry Garvey,2015,terry_garvey,Ray Garvey,True,links_to_bio,content/Bios/Terry_Garvey.docx,816,content/Photos/Ray_Garvey.jpg,False,content/Bios/Terry_Garvey.docx,,medium,medium,0.4584,True,True,True,True,False,True,biography/content; portrait/media; identity,identity_blocked,Original biography says Terry; source photo is named Ray_Garvey.jpg. Terry/Ray identity remains blocked.
jrhof-wp-1142,Terry Reed,2025,Terry _Reed.jpg,https://jrhof.org/inductees/terry_reed/,Terry Reed,2025,Terry_Reed,Terry Reed,2025,terry_reed,Terry Reed,True,links_to_bio,content/Bios/Terry_Reed.docx,471,content/Photos/Terry_Reed.jpg,False,content/Bios/Terry_Reed.docx,content/Photos/Terry_Reed.jpg,high,high,0.9882,False,False,False,False,False,False,,safe_candidate,Original source files map cleanly.
jrhof-wp-3078,Terry Schiessler,Pre 1990,Terry_Schiessler.jpg,https://jrhof.org/inductees/terry_schiessler/,Terry Schiessler,Pre 1990,Terry_Schiessler,Terry Schiessler,,terry_schiessler,Terry Schiessler,True,links_to_bio,content/Bios/Terry_Schiessler.docx,704,content/Photos/Terry_Schiessler.jpg,False,content/Bios/Terry_Schiessler.docx,content/Photos/Terry_Schiessler.jpg,high,high,0.5369,False,False,False,False,False,False,,safe_candidate,Original source files map cleanly.
jrhof-wp-2973,Thomas Severtson,2009,Thomas_Severtson.jpg,https://jrhof.org/inductees/thomas_severtson/,Thomas Severtson,2009,Thomas_Severtson,Thomas Severtson,2009,thomas_severtson,Thomas Severtson,True,links_to_bio,content/Bios/Thomas_Severtson.docx,427,content/Photos/Thomas_Severtson.jpg,False,content/Bios/Thomas_Severtson.docx,content/Photos/Thomas_Severtson.jpg,high,high,0.2782,False,False,False,False,False,False,,safe_candidate,Original source files map cleanly.
jrhof-wp-3063,Tim Kardatzke,2017,Tim_Kardatzke.jpg,https://jrhof.org/inductees/tim_kardatzke/,Tim Kardatzke,2017,Tim_Kardatzke,Tim Kardatzke,2017,tim_kardatzke,Tim Kardatzke,True,links_to_bio,content/Bios/Tim_Kardatzke.docx,261,content/Photos/Tim_Kardatzke.jpg,False,content/Bios/Tim_Kardatzke.docx,content/Photos/Tim_Kardatzke.jpg,high,high,0.3278,False,False,False,False,False,False,,safe_candidate,Original source files map cleanly.
jrhof-wp-3040,Tom Freed,1996,Tom_Freed.jpg,https://jrhof.org/inductees/tom_freed/,Tom Freed,1996,Tom_Freed,Tom Freed,1996,tom_freed,Tom Freed,True,links_to_bio,content/Bios/Tom_Freed.docx,335,,,content/Bios/Tom_Freed.docx,,high,none,0.3618,False,True,False,True,False,False,portrait/media,media_blocked,Review remaining source gaps and prior audit notes.
jrhof-wp-1237,Tom Robinson,2024,Tom _Robinson.jpg,https://jrhof.org/inductees/tom_robinson/,Tom Robinson,2024,Tom_Robinson,Tom Robinson,2024,tom_robinson,Tom Robinson,True,links_to_bio,content/Bios/Tom_Robinson.docx,452,content/Photos/Tom_Robinson.jpg,False,content/Bios/Tom_Robinson.docx,content/Photos/Tom_Robinson.jpg,high,high,0.9782,True,False,False,False,False,False,,source_resolved_candidate,Original source files map cleanly.
jrhof-wp-3021,Tom Smith,2013,Tom_Smith.jpg,https://jrhof.org/inductees/tom_smith/,Tom Smith,2013,Tom_Smith,Tom Smith,2013,tom_smith,Tom Smith,True,links_to_bio,content/Bios/Tom_Smith.docx,1175,content/Photos/Tom_Smith.jpg,False,content/Bios/Tom_Smith.docx,content/Photos/Tom_Smith.jpg,high,high,0.642,True,False,False,False,False,False,,source_resolved_candidate,Original source files map cleanly.
jrhof-wp-2995,Vic Damon,1994,Vic_Damon.jpg,https://jrhof.org/inductees/vic_damon/,Vic Damon,1994,Vic_Damon,Vic Damon,1994,vic_damon,Vic Damon,True,links_to_bio,,0,,,,,none,none,,True,True,True,True,True,False,biography/content; portrait/media,board_content_review,Review remaining source gaps and prior audit notes.
jrhof-wp-2993,Virgil Jester,1989,Virgil_Jester.jpg,https://jrhof.org/inductees/virgil_jester/,Virgil Jester,1989,Virgil_Jester,Virgil Jester,1989,virgil_jester,Virgil Jester,True,links_to_bio,content/Bios/Virgil_Jester.docx,411,content/Photos/Virgil_Jester.jpg,False,content/Bios/Virgil_Jester.docx,content/Photos/Virgil_Jester.jpg,high,high,0.9855,False,False,False,False,False,False,,safe_candidate,Original source files map cleanly.
jrhof-wp-3010,Walt Clay,Pre 1990,Walt_Clay.jpg,https://jrhof.org/inductees/walt_clay/,Walt Clay,Pre 1990,Walt_Clay,Walt Clay,1990,walt_clay,Walt Clay,True,no_link,content/Bios/Walt_Clay.docx,706,content/Photos/Walt_Clay.jpg,False,content/Bios/Walt_Clay.docx,content/Photos/Walt_Clay.jpg,medium,high,0.0586,True,False,True,False,False,True,biography/content; induction_year; live_archive_link,board_content_review,Control roster and repository say Pre 1990; WordPress extracted 1990. Original bio does not settle the induction-year conflict.
jrhof-wp-3086,Warren Kettner,1990,Warren_Kettner.jpg,https://jrhof.org/inductees/warren_kettner/,Warren Kettner,1990,Warren_Kettner,Warren Kettner,1990,warren_kettner,Warren Kettner,True,no_link,content/Bios/Warren_Kettner.docx,289,content/Photos/Warren_Kettner.jpg,False,content/Bios/Warren_Kettner.docx,content/Photos/Warren_Kettner.jpg,high,high,0.1587,True,False,False,False,False,False,live_archive_link,source_resolved_candidate,Original source files map cleanly.
jrhof-wp-3028,Wiley Chance,1994,Wiley_Chance.jpg,https://jrhof.org/inductees/wiley_chance/,Wiley Chance,1994,Wiley_Chance,Wiley Chance,1994,wiley_chance,Wiley Chance,True,links_to_bio,,0,,,,,none,none,,True,True,True,True,True,False,biography/content; portrait/media,board_content_review,Original DOCX is empty and only a Missing placeholder photo exists.
jrhof-wp-3041,Willie White,1991,Willie_White.jpg,https://jrhof.org/inductees/willie_white/,Willie White,1991,Willie_White,Willie White,1991,willie_white,Willie White,True,links_to_bio,content/Bios/Willie_White.docx,402,content/Photos/Willie_White.jpg,False,content/Bios/Willie_White.docx,content/Photos/Willie_White.jpg,high,high,0.6803,False,False,False,False,False,False,,safe_candidate,Original source files map cleanly.
