source_path,filename,extension,filename_key,matched_roster_name,matched_roster_index,match_score,classification,width,height,image_format,sha256,named_missing,is_placeholder,duplicate_hash_count,visual_verification_required,notes
content/Photos/Al_Raglin.jpg,Al_Raglin.jpg,.jpg,alraglin,Al Raglin,0,1.0,exact_match,651,835,JPEG,000887de0a805e33da5336bb41d0cbaa6154233a2fa82cf28bc1f1be3b1b2461,False,False,1,False,Person-specific source filename and unique image bytes support this match.
content/Photos/Arny_Karraker.jpg,Arny_Karraker.jpg,.jpg,arnykarraker,Arny Karraker,1,1.0,exact_match,390,572,JPEG,f0c8e0ff55b4ba9305d42e2fc61ef4d9fc544bc5f8ddca8c3050892b170a5f87,False,False,1,False,Person-specific source filename and unique image bytes support this match.
content/Photos/Art_Wollenweber.jpg,Art_Wollenweber.jpg,.jpg,artwollenweber,Art Wollenweber,2,1.0,exact_match,423,475,JPEG,6064be4a5f593c2c0f02c26fc26881faecefbdc7f37658e764102f7df1b826d7,False,False,1,False,Person-specific source filename and unique image bytes support this match.
content/Photos/Bert_Borgmann.jpg,Bert_Borgmann.jpg,.jpg,bertborgman,Bert Borgman,3,1.0,exact_match,101,128,JPEG,d49b070e09965d2be1712773c507989884d815d463369cc7840caa97d703b73f,False,False,1,False,Person-specific source filename and unique image bytes support this match.
content/Photos/Bill_Fanning.jpg,Bill_Fanning.jpg,.jpg,billfanning,Bill Fanning,4,1.0,exact_match,447,509,JPEG,c7052c57a6703584dce134061a403a89e92dc633bc456b2667e086892c728698,False,False,1,False,Person-specific source filename and unique image bytes support this match.
content/Photos/Bill_Helman.jpg,Bill_Helman.jpg,.jpg,billhelman,Bill Helman,5,1.0,exact_match,210,273,JPEG,e5206cceb72cb861544b7a01aa769bf1d7bc0879c83fbb64fc54a74d4efec0b0,False,False,1,False,Person-specific source filename and unique image bytes support this match.
content/Photos/Bill_Lind_missing.webp,Bill_Lind_missing.webp,.webp,billlind,Bill Lind,6,1.0,duplicate_candidate,1024,1536,WEBP,42a7bb94d3913f6ead4f62456b916f6cdc6d1c732faba794a4e8304d0ec89a10,True,True,33,True,Placeholder or generic silhouette; not a verified portrait.
content/Photos/Bill_Vincent.jpg,Bill_Vincent.jpg,.jpg,billvincent,Bill Vincent,7,1.0,exact_match,644,894,JPEG,69a02ba881a9c4a647d29a5cd10f2da720d00505889c849cb1bcf8de86918d91,False,False,1,False,Person-specific source filename and unique image bytes support this match.
content/Photos/Bob_Ferguson_Missing.webp,Bob_Ferguson_Missing.webp,.webp,bobferguson,Bob Ferguson,8,1.0,duplicate_candidate,1024,1536,WEBP,42a7bb94d3913f6ead4f62456b916f6cdc6d1c732faba794a4e8304d0ec89a10,True,True,33,True,Placeholder or generic silhouette; not a verified portrait.
content/Photos/Bob_Jones.jpg,Bob_Jones.jpg,.jpg,bobjones,Bob Jones,9,1.0,exact_match,425,565,JPEG,5c9a3c41f33d7d06aa48cbb8988e2f15cfe5390c7280ba5f31d4b04296634f15,False,False,1,False,Person-specific source filename and unique image bytes support this match.
content/Photos/Bob_Meisner.jpg,Bob_Meisner.jpg,.jpg,bobmeisner,Bob Meisner,10,1.0,exact_match,228,329,JPEG,691ca05ff67d54db929c614c0997c5724ca37826c15fbb7c8f6bdd1cb0738f39,False,False,1,False,Person-specific source filename and unique image bytes support this match.
content/Photos/Bob_Mullerberg.jpg,Bob_Mullerberg.jpg,.jpg,bobmullerberg,Bob Mullerberg,11,1.0,exact_match,110,140,JPEG,aa5cc4f5d9ffc2a347f7397e895750e1bf4f5bf8bd75371c7cde258c00116c82,False,False,1,False,Person-specific source filename and unique image bytes support this match.
content/Photos/Bob_Ottewill.jpg,Bob_Ottewill.jpg,.jpg,bobottewill,Bob Ottewill,12,1.0,exact_match,188,219,JPEG,a06b3e9a60861b9b1325aa848417284dcedefb2012c5ee89f5d9cc01cabfe69a,False,False,1,False,Person-specific source filename and unique image bytes support this match.
content/Photos/Bruce_Bradshaw.jpg,Bruce_Bradshaw.jpg,.jpg,brucebradshaw,Bruce Bradshaw,14,1.0,exact_match,96,126,JPEG,b35afef3cefcb16d79b2ec0ea917b4b4039b4e2285f687ee1008753a7209626b,False,False,1,False,Person-specific source filename and unique image bytes support this match.
content/Photos/Bruce_Grigsby.jpg,Bruce_Grigsby.jpg,.jpg,brucegrigsby,Bruce Grigsby,15,1.0,exact_match,416,537,JPEG,26359c3fb5ba0a90a538e04a38f2046cc92bb9b3a4135f7bfaac184f4fa6fd88,False,False,1,False,Person-specific source filename and unique image bytes support this match.
content/Photos/Bud_Best.jpg,Bud_Best.jpg,.jpg,budbest,Bud Best,16,1.0,exact_match,609,720,JPEG,fa14b55aadc6846832fefdb2a48d6f10a917bd541a478ab239dbbbd723b4b20f,False,False,1,False,Person-specific source filename and unique image bytes support this match.
content/Photos/Bud_Schoepflin.jpg,Bud_Schoepflin.jpg,.jpg,budschoepflin,Bud Schoepflin,17,1.0,exact_match,620,929,JPEG,dedf757ba369615fb85bbd78b0b0ab6806ae680066dac5ffcff8fb7e699c08e8,False,False,1,False,Person-specific source filename and unique image bytes support this match.
content/Photos/Carl_Zele.jpg,Carl_Zele.jpg,.jpg,carlzele,"Carl Zele, Jr",18,1.0,exact_match,474,587,JPEG,71d0dafba58f8782e8be68bd8b038805d939f1a0d75bd19739d51cbcb4eede92,False,False,1,False,Person-specific source filename and unique image bytes support this match.
content/Photos/Charlie_Chainhalt.jpg,Charlie_Chainhalt.jpg,.jpg,charliechainhalt,Charlie Chainhalt,19,1.0,exact_match,183,258,JPEG,1c134a4a2f5ba63d6f4c72ef0bb0bff98ca3c0087c774a02a77c6e82b59b7d0d,False,False,1,False,Person-specific source filename and unique image bytes support this match.
content/Photos/Chris_Dittman.jpg,Chris_Dittman.jpg,.jpg,chrisdittman,Chris Dittman,20,1.0,exact_match,892,1190,JPEG,74f679ac5bbca9d49ace6bed71493628f990c456178a3dd80f4aab4dcc659cc2,False,False,1,False,Person-specific source filename and unique image bytes support this match.
content/Photos/Chuck_Denney.jpg,Chuck_Denney.jpg,.jpg,chuckdenney,Chuck Denney,21,1.0,exact_match,114,141,JPEG,09fda9cc516c971c23f29bef54a7b11120367648fb1380d92553743e754b2577,False,False,1,False,Person-specific source filename and unique image bytes support this match.
content/Photos/Cliff_Hendrick.jpg,Cliff_Hendrick.jpg,.jpg,cliffhendrick,Cliff Hendrick,22,1.0,exact_match,359,464,JPEG,d1bbfa1fe5502a2c18e3e55aa05475feebc1c6c9be1ce85fc344e906d0e8a834,False,False,1,False,Person-specific source filename and unique image bytes support this match.
content/Photos/Dan_Cholas.jpg,Dan_Cholas.jpg,.jpg,dancholas,Dan Cholas,23,1.0,exact_match,550,793,JPEG,7d9bce593cadf74b6aaad8d4f1b79fc6d3d57fbaac3fa49a21c890e07c93da7f,False,False,1,False,Person-specific source filename and unique image bytes support this match.
content/Photos/Dan_Ringsby.jpg,Dan_Ringsby.jpg,.jpg,danringsby,Dan Ringsby,24,1.0,exact_match,425,639,JPEG,9f430e547ae652f8d1e24cc93aa324acd622e3bee7e2d795cb2071baaf2acf9f,False,False,1,False,Person-specific source filename and unique image bytes support this match.
content/Photos/Dan_Weikle.jpg,Dan_Weikle.jpg,.jpg,danweikle,Dan Weikle,25,1.0,exact_match,86,122,JPEG,21c6b6097177f3454890ebcd778d64504dbeb9329f99a69336d4f6c958e58ec3,False,False,1,False,Person-specific source filename and unique image bytes support this match.
content/Photos/Dave_Baker.jpg,Dave_Baker.jpg,.jpg,davebaker,Dave Baker,26,1.0,exact_match,359,554,JPEG,c1b9d7150022cc4cfc1bae640fc43b21c8bac0575d5953a512305a422aff2c2b,False,False,1,False,Person-specific source filename and unique image bytes support this match.
content/Photos/Dave_Schmidt.jpg,Dave_Schmidt.jpg,.jpg,daveschmidt,Dave Schmidt,27,1.0,exact_match,776,718,JPEG,b898f881ff2b161a1d549f57291539a3bab06f527b053999a52bd4602a8d569b,False,False,1,False,Person-specific source filename and unique image bytes support this match.
content/Photos/Dave_Schmidt_Missing.webp,Dave_Schmidt_Missing.webp,.webp,daveschmidt,Dave Schmidt,27,1.0,duplicate_candidate,1024,1536,WEBP,42a7bb94d3913f6ead4f62456b916f6cdc6d1c732faba794a4e8304d0ec89a10,True,True,33,True,Placeholder or generic silhouette; not a verified portrait.
content/Photos/David_Letofsky.jpg,David_Letofsky.jpg,.jpg,davidletofsky,David Letofsky,28,1.0,exact_match,720,864,JPEG,db6b8a33a3b941b4677afb106b5ab26d7d8d52e62624f39bd16ecd6b952a0886,False,False,1,False,Person-specific source filename and unique image bytes support this match.
content/Photos/Del_Petersen_Missing.webp,Del_Petersen_Missing.webp,.webp,delpetersen,Del Petersen,29,1.0,duplicate_candidate,1024,1536,WEBP,42a7bb94d3913f6ead4f62456b916f6cdc6d1c732faba794a4e8304d0ec89a10,True,True,33,True,Placeholder or generic silhouette; not a verified portrait.
content/Photos/Dennis_Smith.jpg,Dennis_Smith.jpg,.jpg,dennissmith,Dennis Smith,30,1.0,exact_match,116,159,JPEG,daad461b8f0b8132bfb48f95ae981c1b189385a5dae4526936d5c223b7fc6ab6,False,False,1,False,Person-specific source filename and unique image bytes support this match.
content/Photos/Dick_Cartin.jpg,Dick_Cartin.jpg,.jpg,dickcartin,Dick Cartin,31,1.0,exact_match,249,336,JPEG,c20ea68887a9a137dce09ed2e01b8e1e51cd444a2732a19fc2072be88ef53b26,False,False,1,False,Person-specific source filename and unique image bytes support this match.
content/Photos/Dick_Hotton_Missing.webp,Dick_Hotton_Missing.webp,.webp,dickhotton,Dick Hotton,32,1.0,duplicate_candidate,1024,1536,WEBP,42a7bb94d3913f6ead4f62456b916f6cdc6d1c732faba794a4e8304d0ec89a10,True,True,33,True,Placeholder or generic silhouette; not a verified portrait.
content/Photos/Dick_Reininger.jpg,Dick_Reininger.jpg,.jpg,dickreininger,Dick Reininger,33,1.0,exact_match,88,114,JPEG,1c4877075b6a75c8bd7e92bea9a09cc32212cb1efa795f3c7e9ecabbd31983b3,False,False,1,False,Person-specific source filename and unique image bytes support this match.
content/Photos/Dick_Yates.jpg,Dick_Yates.jpg,.jpg,dickyates,Dick Yates,34,1.0,exact_match,715,1017,JPEG,45edb5d363a3d4b136ff56f6476dd3f097dd61647568cde2072eaa02702e2b4e,False,False,1,False,Person-specific source filename and unique image bytes support this match.
content/Photos/Don_Carlsen.jpg,Don_Carlsen.jpg,.jpg,doncarlsen,Don Carlsen,35,1.0,exact_match,90,135,JPEG,379d97fb90e49bc67576fb1b42d503ac6adc00fbb90195f608263e2e0b37ea0f,False,False,1,False,Person-specific source filename and unique image bytes support this match.
content/Photos/Don_Cimaglia.jpg,Don_Cimaglia.jpg,.jpg,doncimaglia,Don Cimaglia,36,1.0,duplicate_candidate,465,439,JPEG,db58c2577de4245faa377b34b9b4e4ddf6a97e57868cbbadc9dd4616fa54952c,False,True,4,True,Placeholder or generic silhouette; not a verified portrait.
content/Photos/Don_Cimaglia_Missing.webp,Don_Cimaglia_Missing.webp,.webp,doncimaglia,Don Cimaglia,36,1.0,duplicate_candidate,1024,1536,WEBP,42a7bb94d3913f6ead4f62456b916f6cdc6d1c732faba794a4e8304d0ec89a10,True,True,33,True,Placeholder or generic silhouette; not a verified portrait.
content/Photos/Don_Hegi.jpg,Don_Hegi.jpg,.jpg,donhegi,Don Hegi,37,1.0,exact_match,444,582,JPEG,f1591b86def4d1048273e01f18e31a08f7138039efa5cbc257868ca8e067d397,False,False,1,False,Person-specific source filename and unique image bytes support this match.
content/Photos/Don_Shiverdecker_Missing.webp,Don_Shiverdecker_Missing.webp,.webp,donshiverdecker,Don Shiverdecker,38,1.0,duplicate_candidate,1024,1536,WEBP,42a7bb94d3913f6ead4f62456b916f6cdc6d1c732faba794a4e8304d0ec89a10,True,True,33,True,Placeholder or generic silhouette; not a verified portrait.
content/Photos/Don_Stengel.jpg,Don_Stengel.jpg,.jpg,donstengel,Don Stengel,39,1.0,exact_match,608,834,JPEG,1d46653bc48bd5ace2ad0dd1b88fdf727d3a0d6a4c71df38a389a911343fa88a,False,False,1,False,Person-specific source filename and unique image bytes support this match.
content/Photos/Doug_Graham.jpg,Doug_Graham.jpg,.jpg,douggraham,Doug Graham,40,1.0,exact_match,547,698,JPEG,99d15c739f1028c6fa209783f301449026e6f4ac7af798c0dbc88cb7cd7b2fe1,False,False,1,False,Person-specific source filename and unique image bytes support this match.
content/Photos/Ed_OConnor.jpg,Ed_OConnor.jpg,.jpg,edoconnor,Ed OConnor,41,1.0,exact_match,520,684,JPEG,5ab3bd1f6fe6ad3f41d245894051b17811509c4bca5a072252c8811afa571cae,False,False,1,False,Person-specific source filename and unique image bytes support this match.
content/Photos/Ed_Tracy_missing.webp,Ed_Tracy_missing.webp,.webp,edtracy,Ed Tracy,42,1.0,duplicate_candidate,1024,1536,WEBP,42a7bb94d3913f6ead4f62456b916f6cdc6d1c732faba794a4e8304d0ec89a10,True,True,33,True,Placeholder or generic silhouette; not a verified portrait.
content/Photos/Ed_Underwood.jpg,Ed_Underwood.jpg,.jpg,edunderwood,Ed Underwood,43,1.0,exact_match,249,332,JPEG,b708e22af9f5de143fe259f5e7699365d466648cd9711026dcecadd1e7d051c7,False,False,1,False,Person-specific source filename and unique image bytes support this match.
content/Photos/Edmund_DHaillecourt.jpg,Edmund_DHaillecourt.jpg,.jpg,edmunddhaillecourt,Edmund DHaillecourt,44,1.0,duplicate_candidate,465,439,JPEG,db58c2577de4245faa377b34b9b4e4ddf6a97e57868cbbadc9dd4616fa54952c,False,True,4,True,Placeholder or generic silhouette; not a verified portrait.
content/Photos/Edmund_DHaillecourt_Missing.webp,Edmund_DHaillecourt_Missing.webp,.webp,edmunddhaillecourt,Edmund DHaillecourt,44,1.0,duplicate_candidate,1024,1536,WEBP,42a7bb94d3913f6ead4f62456b916f6cdc6d1c732faba794a4e8304d0ec89a10,True,True,33,True,Placeholder or generic silhouette; not a verified portrait.
content/Photos/Edward_Stevens.jpg,Edward_Stevens.jpg,.jpg,edwardstevens,Edward Stevens,45,1.0,exact_match,284,314,JPEG,e7059cbbb19849eed0b83fc46d798778699be86ff5fd795260abe0ad88c06f9a,False,False,1,False,Person-specific source filename and unique image bytes support this match.
content/Photos/Ernest_Cavalieri_Missing.webp,Ernest_Cavalieri_Missing.webp,.webp,ernestcavalieri,Ernest Cavalieri,46,1.0,duplicate_candidate,1024,1536,WEBP,42a7bb94d3913f6ead4f62456b916f6cdc6d1c732faba794a4e8304d0ec89a10,True,True,33,True,Placeholder or generic silhouette; not a verified portrait.
content/Photos/Ernie_Kozacek.jpg,Ernie_Kozacek.jpg,.jpg,erniekozacek,Ernie Kozacek,47,1.0,exact_match,650,918,JPEG,0a7e54bc2caf90eacd6c5c04894ade70614b9134cf8d514e1b4ff0964ff129bb,False,False,1,False,Person-specific source filename and unique image bytes support this match.
content/Photos/Ernie_Ortiz.jpg,Ernie_Ortiz.jpg,.jpg,ernieortiz,Ernie Ortiz,48,1.0,exact_match,951,1166,JPEG,acfa7d1239d532dea6672d99b136c1e3cd466299d7b62cee6bfd8349eed2c565,False,False,1,False,Person-specific source filename and unique image bytes support this match.
content/Photos/Ervin_Douglas.jpg,Ervin_Douglas.jpg,.jpg,ervindouglas,Ervin Douglas,49,1.0,duplicate_candidate,465,439,JPEG,db58c2577de4245faa377b34b9b4e4ddf6a97e57868cbbadc9dd4616fa54952c,False,True,4,True,Placeholder or generic silhouette; not a verified portrait.
content/Photos/Ervin_Douglas_Missing.webp,Ervin_Douglas_Missing.webp,.webp,ervindouglas,Ervin Douglas,49,1.0,duplicate_candidate,1024,1536,WEBP,42a7bb94d3913f6ead4f62456b916f6cdc6d1c732faba794a4e8304d0ec89a10,True,True,33,True,Placeholder or generic silhouette; not a verified portrait.
content/Photos/Francis_Ford_Missing.webp,Francis_Ford_Missing.webp,.webp,francisford,Francis Ford,50,1.0,duplicate_candidate,1024,1536,WEBP,42a7bb94d3913f6ead4f62456b916f6cdc6d1c732faba794a4e8304d0ec89a10,True,True,33,True,Placeholder or generic silhouette; not a verified portrait.
content/Photos/Frank_DeAngelis.jpg,Frank_DeAngelis.jpg,.jpg,frankdeangelis,Frank DeAngelis,51,1.0,exact_match,625,794,JPEG,fda04c8f1510a0fa36a6d46bba41b6ff10436b18ab0fb3fafc38bdb8ab1e86e0,False,False,1,False,Person-specific source filename and unique image bytes support this match.
content/Photos/Frank_Messenger.jpg,Frank_Messenger.jpg,.jpg,frankmessenger,Frank Messenger,52,1.0,exact_match,400,507,JPEG,7e4c711b16e7ee0343386d6681d25d293b325db0ec36706116cc687f8c1f99ad,False,False,1,False,Person-specific source filename and unique image bytes support this match.
content/Photos/Frank_Prentup.jpg,Frank_Prentup.jpg,.jpg,frankprentup,Frank Prentup,53,1.0,exact_match,182,233,JPEG,c179fb82734c3985e2e4b7775fd3cffff4ce8d23e2788ae5b92ba14ef245d934,False,False,1,False,Person-specific source filename and unique image bytes support this match.
content/Photos/Frank_Zele_Missing.webp,Frank_Zele_Missing.webp,.webp,frankzele,Frank Zele,54,1.0,duplicate_candidate,1024,1536,WEBP,42a7bb94d3913f6ead4f62456b916f6cdc6d1c732faba794a4e8304d0ec89a10,True,True,33,True,Placeholder or generic silhouette; not a verified portrait.
content/Photos/Fred_Zuercher.jpg,Fred_Zuercher.jpg,.jpg,fredzuercher,Fred Zuercher,55,1.0,exact_match,912,1208,JPEG,9c4379b735c23a5114953877a37ca2bda944e0af89dbc90b932c10ea06b09a96,False,False,1,False,Person-specific source filename and unique image bytes support this match.
content/Photos/Fritz_Johnstone.jpg,Fritz_Johnstone.jpg,.jpg,fritzjohnstone,Fritz Johnstone,56,1.0,exact_match,200,200,JPEG,de68001ca6c3b2e04ee68949147f80cad484feeaec8a7f4768d22f5936a18f23,False,False,1,False,Person-specific source filename and unique image bytes support this match.
content/Photos/Gary_Baker.jpg,Gary_Baker.jpg,.jpg,garybaker,Gary Baker,57,1.0,exact_match,740,985,JPEG,85b67e85157a7f2c2d179f808a7a905db12d64b45b34ed171ed15b49a3043686,False,False,1,False,Person-specific source filename and unique image bytes support this match.
content/Photos/Gene_Bunnelle.jpg,Gene_Bunnelle.jpg,.jpg,genebunnelle,Gene Bunnelle,58,1.0,exact_match,202,254,JPEG,1e4eccc0d01b516210c894e690c63f06bbf1902afda9993bef9639081fcba75f,False,False,1,False,Person-specific source filename and unique image bytes support this match.
content/Photos/Gene_Rozelle.jpg,Gene_Rozelle.jpg,.jpg,generozzelle,Gene Rozzelle,59,1.0,exact_match,617,766,JPEG,117a1bebe1273187f22162249e8937971356fbeb681c7881fc1ec10fa6bbe3ee,False,False,1,False,Person-specific source filename and unique image bytes support this match.
content/Photos/George_Demetriou.jpg,George_Demetriou.jpg,.jpg,georgedemetriou,George Demetriou,60,1.0,exact_match,191,275,JPEG,b8cb039548720776e9168650270b425d3c4284c6901a89bce1903f22e6c49eed,False,False,1,False,Person-specific source filename and unique image bytes support this match.
content/Photos/George_Demetriou_Missing.webp,George_Demetriou_Missing.webp,.webp,georgedemetriou,George Demetriou,60,1.0,duplicate_candidate,1024,1536,WEBP,42a7bb94d3913f6ead4f62456b916f6cdc6d1c732faba794a4e8304d0ec89a10,True,True,33,True,Placeholder or generic silhouette; not a verified portrait.
content/Photos/George_Theodore_Missing.webp,George_Theodore_Missing.webp,.webp,georgetheodore,George Theodore,61,1.0,duplicate_candidate,1024,1536,WEBP,42a7bb94d3913f6ead4f62456b916f6cdc6d1c732faba794a4e8304d0ec89a10,True,True,33,True,Placeholder or generic silhouette; not a verified portrait.
content/Photos/Gordon_Cooper.jpg,Gordon_Cooper.jpg,.jpg,gordoncooper,Gordon Cooper,62,1.0,exact_match,847,1043,JPEG,e4b407b1651780258724b0165c1eae74d542602c85568331ce4c9be54656b71c,False,False,1,False,Person-specific source filename and unique image bytes support this match.
content/Photos/H_R_Phillips.jpg,H_R_Phillips.jpg,.jpg,hrphillips,H_R Phillips,63,1.0,exact_match,300,400,JPEG,e2ad8d3b04ca848e026bcb0e499887d835accbe7caf0fb4f22a60ccd928a688b,False,False,1,False,Person-specific source filename and unique image bytes support this match.
content/Photos/Harry_Wise.jpg,Harry_Wise.jpg,.jpg,harrywise,Harry Wise,64,1.0,exact_match,351,399,JPEG,cd0a46ccd50fb3bdf3b3554717a32b76571cf768c356507e5e671c65da0eb38c,False,False,1,False,Person-specific source filename and unique image bytes support this match.
content/Photos/Howard_Dunbar_Missing.webp,Howard_Dunbar_Missing.webp,.webp,howarddunbar,Howard Dunbar,65,1.0,duplicate_candidate,1024,1536,WEBP,42a7bb94d3913f6ead4f62456b916f6cdc6d1c732faba794a4e8304d0ec89a10,True,True,33,True,Placeholder or generic silhouette; not a verified portrait.
content/Photos/Howard_Wentz.jpg,Howard_Wentz.jpg,.jpg,howardwentz,Howard Wentz,66,1.0,exact_match,116,133,JPEG,01a49ef63ba614231ad9a32ba597fc0c6edc1c75ae629f57c26c22f863af87a9,False,False,1,False,Person-specific source filename and unique image bytes support this match.
content/Photos/Irv_Brown.jpg,Irv_Brown.jpg,.jpg,irvbrown,Irv Brown,67,1.0,exact_match,295,389,JPEG,1fba7a0c27373cb931e971f6c4002ec2230326f938591616aef50dd26cd1390e,False,False,1,False,Person-specific source filename and unique image bytes support this match.
content/Photos/Irv_Moss.jpg,Irv_Moss.jpg,.jpg,irvmoss,Irv Moss,68,1.0,exact_match,356,404,JPEG,9085b19c9699c920f8ac04cf1ba57dd9fb3e1918c9382ab1be826fdca5493456,False,False,1,False,Person-specific source filename and unique image bytes support this match.
content/Photos/Jack_Smith.jpg,Jack_Smith.jpg,.jpg,jacksmith,Jack Smith,69,1.0,exact_match,611,745,JPEG,c7257e4b62cbc4e1ddf5b4b23b7045537399146e6fb8ca8bc06734ec2c4a99be,False,False,1,False,Person-specific source filename and unique image bytes support this match.
content/Photos/James_Roorda.jpg,James_Roorda.jpg,.jpg,jamesroorda,James Roorda,70,1.0,exact_match,200,200,JPEG,d22e6986e3c52dba4307f9e450d3242ea28886bd0e8cc617a43e14414bbcfa20,False,False,1,False,Person-specific source filename and unique image bytes support this match.
content/Photos/Jim_Darden.jpg,Jim_Darden.jpg,.jpg,jimdarden,Jim Darden,71,1.0,exact_match,400,485,JPEG,126f7ef4f1d37fb81ce96962ebae680eedb2f2cb1804f111879462535b9e0ed0,False,False,1,False,Person-specific source filename and unique image bytes support this match.
content/Photos/Jim_Dorsey.jpg,Jim_Dorsey.jpg,.jpg,jimdorsey,Jim Dorsey,72,1.0,exact_match,172,223,JPEG,be893a83cd27513e5f3536a18fadf20755d077f7e876c5d8f0de62391b19072f,False,False,1,False,Person-specific source filename and unique image bytes support this match.
content/Photos/Jim_Jenkins.jpg,Jim_Jenkins.jpg,.jpg,jimjenkins,Jim Jenkins,73,1.0,exact_match,760,941,JPEG,244900b775728ac2ec6e8c764b8fb4decb3cf2d72337055826d78f78dd509a95,False,False,1,False,Person-specific source filename and unique image bytes support this match.
content/Photos/Jim_Paronto.jpg,Jim_Paronto.jpg,.jpg,jimparonto,Jim Paronto,74,1.0,exact_match,88,111,JPEG,e5a4b83a8ef842dfe7bafbcdc98f4e5fcff0a76d1910ba4040708f0a5f5d84c0,False,False,1,False,Person-specific source filename and unique image bytes support this match.
content/Photos/Jim_Schaefer.jpg,Jim_Schaefer.jpg,.jpg,jimschaefer,Jim Schaefer,75,1.0,exact_match,834,1112,JPEG,8fa465db8c4eeb39c6f5ee9873c4e137d0bef10888e39154078c825617c28c79,False,False,1,False,Person-specific source filename and unique image bytes support this match.
content/Photos/Joe_Bellich.jpg,Joe_Bellich.jpg,.jpg,joebellich,Joe Bellich,76,1.0,duplicate_candidate,465,439,JPEG,db58c2577de4245faa377b34b9b4e4ddf6a97e57868cbbadc9dd4616fa54952c,False,True,4,True,Placeholder or generic silhouette; not a verified portrait.
content/Photos/Joe_Bellich_Missing.webp,Joe_Bellich_Missing.webp,.webp,joebellich,Joe Bellich,76,1.0,duplicate_candidate,1024,1536,WEBP,42a7bb94d3913f6ead4f62456b916f6cdc6d1c732faba794a4e8304d0ec89a10,True,True,33,True,Placeholder or generic silhouette; not a verified portrait.
content/Photos/Joe_Bonacquista.jpg,Joe_Bonacquista.jpg,.jpg,joebonacquista,Joe Bonacquista,77,1.0,exact_match,546,537,JPEG,6ffcc1e6ba799a9a6ab58ef4b90e3daf258523f217e18c34776a813794d4dda1,False,False,1,False,Person-specific source filename and unique image bytes support this match.
content/Photos/Joe_Brooks_Missing.webp,Joe_Brooks_Missing.webp,.webp,joebrooks,Joe Brooks,78,1.0,duplicate_candidate,1024,1536,WEBP,42a7bb94d3913f6ead4f62456b916f6cdc6d1c732faba794a4e8304d0ec89a10,True,True,33,True,Placeholder or generic silhouette; not a verified portrait.
content/Photos/Joe_Maciel_Missing.webp,Joe_Maciel_Missing.webp,.webp,joemaciel,Joe Maciel,79,1.0,duplicate_candidate,1024,1536,WEBP,42a7bb94d3913f6ead4f62456b916f6cdc6d1c732faba794a4e8304d0ec89a10,True,True,33,True,Placeholder or generic silhouette; not a verified portrait.
content/Photos/Joe_Rossi.jpg,Joe_Rossi.jpg,.jpg,joerossi,Joe Rossi,80,1.0,exact_match,334,374,JPEG,671a51823292616a2f9d6a80ce7ad6a421cd871a3131e9e99ef1e05b790ec2c3,False,False,1,False,Person-specific source filename and unique image bytes support this match.
content/Photos/Joey_Borjon.jpg,Joey_Borjon.jpg,.jpg,joeyborjon,Joey Borjon,81,1.0,exact_match,592,741,JPEG,fd1c069efe4c4ca517d5b67c68805eb9902d4496530799668b4df21450738e5f,False,False,1,False,Person-specific source filename and unique image bytes support this match.
content/Photos/John_DeSiato.jpg,John_DeSiato.jpg,.jpg,johndesiato,John DeSiato,82,1.0,exact_match,783,522,JPEG,d46812ecbcb1de6a2efd7322ed82833fde2bdabdcf33f7a36d1f69d739d43211,False,False,1,False,Person-specific source filename and unique image bytes support this match.
content/Photos/John_Walsh.jpg,John_Walsh.jpg,.jpg,johnwalsh,John Walsh,83,1.0,exact_match,387,458,JPEG,49c698ad1e9d52543f84abb16b6615502f78547df46a7d1df647439f4285e9b0,False,False,1,False,Person-specific source filename and unique image bytes support this match.
content/Photos/John_Wenglass_Missing.webp,John_Wenglass_Missing.webp,.webp,johnwenglass,John Wenglass,84,1.0,duplicate_candidate,1024,1536,WEBP,42a7bb94d3913f6ead4f62456b916f6cdc6d1c732faba794a4e8304d0ec89a10,True,True,33,True,Placeholder or generic silhouette; not a verified portrait.
content/Photos/Joseph_Massaro.jpg,Joseph_Massaro.jpg,.jpg,josephmassaro,Joseph Massaro,85,1.0,exact_match,520,612,JPEG,aebe61892b91d70e509d56521e203e3f22afcae1d499b2ff22eb9420f1a7b989,False,False,1,False,Person-specific source filename and unique image bytes support this match.
content/Photos/Julius_Carabello.jpg,Julius_Carabello.jpg,.jpg,juliuscarabello,Julius Carabello,86,1.0,exact_match,224,338,JPEG,095ca6f9ea87eaf47fcba9dc3b8c70cf909534efd068ea9bb13878b73cc55717,False,False,1,False,Person-specific source filename and unique image bytes support this match.
content/Photos/Keith_Bailey.jpg,Keith_Bailey.jpg,.jpg,keithbailey,Keith Bailey,87,1.0,exact_match,479,707,JPEG,fb49f503dbeb141d192b232ba45e1c802475c2269ce288179f2b3bcbbf7ba296,False,False,1,False,Person-specific source filename and unique image bytes support this match.
content/Photos/Ken_Furman.jpg,Ken_Furman.jpg,.jpg,kenfurman,Ken Furman,88,1.0,exact_match,209,260,JPEG,fffb921cb713b8401a3c33490d3a4624a3f3a69b04990be6a4c864e939cfa446,False,False,1,False,Person-specific source filename and unique image bytes support this match.
content/Photos/Ken_Zetner_Missing.webp,Ken_Zetner_Missing.webp,.webp,kenzetner,Ken Zetner,89,1.0,duplicate_candidate,1024,1536,WEBP,42a7bb94d3913f6ead4f62456b916f6cdc6d1c732faba794a4e8304d0ec89a10,True,True,33,True,Placeholder or generic silhouette; not a verified portrait.
content/Photos/Lee_Rosa.jpg,Lee_Rosa.jpg,.jpg,leerosa,Lee Rosa,90,1.0,exact_match,628,837,JPEG,2c071024f5a9f979faf6a5f72281ce450e35493b4d52e4ecc8fb5f9384522b5c,False,False,1,False,Person-specific source filename and unique image bytes support this match.
content/Photos/Leo_Bahl.jpg,Leo_Bahl.jpg,.jpg,leobahl,Leo Bahl,91,1.0,exact_match,685,951,JPEG,a184df38a8a5d354953771210011f94bed13ec08d451820bd9b7495d83b48221,False,False,1,False,Person-specific source filename and unique image bytes support this match.
content/Photos/Leonard_Varriano.jpg,Leonard_Varriano.jpg,.jpg,leonardvarriano,Leonard Varriano,92,1.0,exact_match,434,561,JPEG,c53b32286b75cf7f194f16d65061fa85cff2af98c4a450ffb87e1cd72204017c,False,False,1,False,Person-specific source filename and unique image bytes support this match.
content/Photos/Leroy_Garzonio_Missing.webp,Leroy_Garzonio_Missing.webp,.webp,leroygarzonio,Leroy Garzonio,93,1.0,duplicate_candidate,1024,1536,WEBP,42a7bb94d3913f6ead4f62456b916f6cdc6d1c732faba794a4e8304d0ec89a10,True,True,33,True,Placeholder or generic silhouette; not a verified portrait.
content/Photos/Lou_Nedbalski.jpg,Lou_Nedbalski.jpg,.jpg,lounedbalski,Lou Nedbalski,94,1.0,exact_match,238,313,JPEG,bd1b39f0ed0a577c9cdeef2b0084a3d9fed1a2cc3d9dbef361486685b6b30e39,False,False,1,False,Person-specific source filename and unique image bytes support this match.
content/Photos/Lou_Nolin_Missing.webp,Lou_Nolin_Missing.webp,.webp,lounolin,Lou Nolin,95,1.0,duplicate_candidate,1024,1536,WEBP,42a7bb94d3913f6ead4f62456b916f6cdc6d1c732faba794a4e8304d0ec89a10,True,True,33,True,Placeholder or generic silhouette; not a verified portrait.
content/Photos/Lou_Spector_Missing.webp,Lou_Spector_Missing.webp,.webp,louspector,Lou Spector,96,1.0,duplicate_candidate,1024,1536,WEBP,42a7bb94d3913f6ead4f62456b916f6cdc6d1c732faba794a4e8304d0ec89a10,True,True,33,True,Placeholder or generic silhouette; not a verified portrait.
content/Photos/Manual_Boody.jpg,Manual_Boody.jpg,.jpg,manualboody,Manual Boody,97,1.0,exact_match,173,194,JPEG,7ad3b7cd985949da456e5768c194466b00ead8197c0627bcd281758dc54ea808,False,False,1,False,Person-specific source filename and unique image bytes support this match.
content/Photos/Mark_Denzin.jpg,Mark_Denzin.jpg,.jpg,markdenzin,Mark Denzin,98,1.0,exact_match,914,1152,JPEG,5100c08af67b8020487f13fb3701206d1925d3040953b74e74d688dc3d56c7e6,False,False,1,False,Person-specific source filename and unique image bytes support this match.
content/Photos/Mark_Junge_Missing.webp,Mark_Junge_Missing.webp,.webp,markjunge,Mark Junge,99,1.0,duplicate_candidate,1024,1536,WEBP,42a7bb94d3913f6ead4f62456b916f6cdc6d1c732faba794a4e8304d0ec89a10,True,True,33,True,Placeholder or generic silhouette; not a verified portrait.
content/Photos/Melvin_Martin.jpg,Melvin_Martin.jpg,.jpg,melvinmartin,Melvin Martin,100,1.0,exact_match,408,517,JPEG,fd5630128001f0c365020232fa10843ef9c07befc789f9e9a1ab2617b2e38090,False,False,1,False,Person-specific source filename and unique image bytes support this match.
content/Photos/Mert_Letofsky.jpg,Mert_Letofsky.jpg,.jpg,mertletofsky,Mert Letofsky,101,1.0,exact_match,1234,2153,JPEG,e508028066b8016e052c28c1e93a7e60e963fb72d48fff1888e64ee8fcbaa081,False,False,1,False,Person-specific source filename and unique image bytes support this match.
content/Photos/Mike_Brady.jpg,Mike_Brady.jpg,.jpg,mikebrady,Mike Brady,102,1.0,exact_match,211,295,JPEG,0159e2791b9e9a78720d1a19cf51764c0cbbca6a1bca6d516e676b2cb859fa80,False,False,1,False,Person-specific source filename and unique image bytes support this match.
content/Photos/Mike_Doohan.jpg,Mike_Doohan.jpg,.jpg,mikedoohan,Mike Doohan,103,1.0,exact_match,334,389,JPEG,0023c6d6afae2b76c943576cb685601b8d21a208141ee6e2675208065a3c75ea,False,False,1,False,Person-specific source filename and unique image bytes support this match.
content/Photos/Mike_Kronkright.jpg,Mike_Kronkright.jpg,.jpg,mikekronkright,Mike Kronkright,104,1.0,exact_match,300,356,JPEG,76c47c7b75cfd09d682b90804691fb9950b81af88f7b11b2d42d1a61e2ef3619,False,False,1,False,Person-specific source filename and unique image bytes support this match.
content/Photos/Missing_Inductee.webp,Missing_Inductee.webp,.webp,missinginductee,,,0.4138,unmatched_photo,1024,1536,WEBP,42a7bb94d3913f6ead4f62456b916f6cdc6d1c732faba794a4e8304d0ec89a10,True,True,33,True,No roster match; Missing_Inductee.webp is the shared placeholder control asset.
content/Photos/Mitchell_Burns.jpg,Mitchell_Burns.jpg,.jpg,mitchellburns,Mitchell Burns,105,1.0,exact_match,598,612,JPEG,7a3e8491a895869946d7a45c94771bffd4a89e4f1f1a41282c5ac382ae4f7c4b,False,False,1,False,Person-specific source filename and unique image bytes support this match.
content/Photos/Myran_Dunker.jpg,Myran_Dunker.jpg,.jpg,myrandunker,Myran Dunker,106,1.0,exact_match,627,995,JPEG,3cf9c5e01e3b5cf8f820e9aa5dddd2d0e6849bd2320a6375a8a7abd055efcf81,False,False,1,False,Person-specific source filename and unique image bytes support this match.
content/Photos/Neil_Devlin.jpg,Neil_Devlin.jpg,.jpg,neildevlin,Neil Devlin,107,1.0,exact_match,128,128,JPEG,eea69b01c459f04d92e1d5bb5eb3d30a10f54b61ea41a793bef36b13f126b04e,False,False,1,False,Person-specific source filename and unique image bytes support this match.
content/Photos/Nick_Vitale_Missing.webp,Nick_Vitale_Missing.webp,.webp,nickvitale,Nick Vitale,108,1.0,duplicate_candidate,1024,1536,WEBP,42a7bb94d3913f6ead4f62456b916f6cdc6d1c732faba794a4e8304d0ec89a10,True,True,33,True,Placeholder or generic silhouette; not a verified portrait.
content/Photos/Pat_Haggerty.jpg,Pat_Haggerty.jpg,.jpg,pathaggerty,Pat Haggerty,109,1.0,exact_match,144,180,JPEG,c7c98026c8a794023032d7ebd607a5b546342f5fef505f6c48876616d2466b21,False,False,1,False,Person-specific source filename and unique image bytes support this match.
content/Photos/Paul_Babkiewich.jpg,Paul_Babkiewich.jpg,.jpg,paulbabkiewich,Paul Babkiewich,110,1.0,exact_match,510,593,JPEG,af31140c2b75a3d4a46be1d138051470774f88759d7855c05090ea8199b593af,False,False,1,False,Person-specific source filename and unique image bytes support this match.
content/Photos/Pete_Butler.jpg,Pete_Butler.jpg,.jpg,petebutler,Pete Butler,111,1.0,exact_match,199,264,JPEG,6b3663a3aa2a37708aadf1f0773397579626a84f2bada4843ebabec36c203086,False,False,1,False,Person-specific source filename and unique image bytes support this match.
content/Photos/Pete_DAmato.jpg,Pete_DAmato.jpg,.jpg,petedamato,Pete DAmato,112,1.0,exact_match,598,838,JPEG,11eaa19bab75264e63e1e6985310d9d507fbc0aab35efb1d8680e4936dd9ca27,False,False,1,False,Person-specific source filename and unique image bytes support this match.
content/Photos/Randy_Holmen.jpg,Randy_Holmen.jpg,.jpg,randyholmen,Randy Holmen,113,1.0,exact_match,261,348,JPEG,5d5efb0428bdb0123a427f952fe29b3fbb58cd155e8ba42658a4be1dd8428e0f,False,False,1,False,Person-specific source filename and unique image bytes support this match.
content/Photos/Ray_Belfiore.jpg,Ray_Belfiore.jpg,.jpg,raybelfiore,Ray Belfiore,114,1.0,exact_match,227,320,JPEG,68d049af859792b52f6f5e2c3158597fc9dd5f303453902cacf9049a99818466,False,False,1,False,Person-specific source filename and unique image bytes support this match.
content/Photos/Ray_Garvey.jpg,Ray_Garvey.jpg,.jpg,terrygarvey,Terry Garvey,136,1.0,exact_match,469,634,JPEG,1b9dd1603a40ba37b1551de804df7519c5c216f2edd290b5f80d07e650ce1f45,False,False,1,False,Person-specific source filename and unique image bytes support this match.
content/Photos/Raymond_Powe.jpg,Raymond_Powe.jpg,.jpg,raymondpowe,Raymond Powe,115,1.0,exact_match,743,943,JPEG,d44eb57954d0693f1a23711248c8002e65dbff41527d9a3ac3e8156f0290737a,False,False,1,False,Person-specific source filename and unique image bytes support this match.
content/Photos/Rich_Czernicki.jpg,Rich_Czernicki.jpg,.jpg,richczernicki,Rich Czernicki,116,1.0,exact_match,482,631,JPEG,04851772c1afd56f2244fb8910418084feeea967c202b4902b3c359b9cbf9374,False,False,1,False,Person-specific source filename and unique image bytes support this match.
content/Photos/Richard_Chandler.jpg,Richard_Chandler.jpg,.jpg,richardchandler,Richard Chandler,117,1.0,exact_match,551,852,JPEG,6d3f26ad80fed439c1608c9ca508ac6ed8500b6cc7af523c2785d16f504b0cb9,False,False,1,False,Person-specific source filename and unique image bytes support this match.
content/Photos/Richard_Fanning.jpg,Richard_Fanning.jpg,.jpg,richardfanning,Richard Fanning,118,1.0,exact_match,724,1132,JPEG,03874f3f5631b38385861cf426052ca72ede211ccc3b583d1650777c8ab9eee4,False,False,1,False,Person-specific source filename and unique image bytes support this match.
content/Photos/Richard_Hawkins.jpg,Richard_Hawkins.jpg,.jpg,richardhawkins,Richard Hawkins,119,1.0,exact_match,463,638,JPEG,179a5665d8dc5098e1953683440b24c56d8e3c8d7490c980dc2364fff99a91a1,False,False,1,False,Person-specific source filename and unique image bytes support this match.
content/Photos/Richard_Mauro.jpg,Richard_Mauro.jpg,.jpg,richardmauro,Richard Mauro,120,1.0,exact_match,645,789,JPEG,ceb2ab80657a14863177d5b3c6cf41714f09371dedf44aaeb3076533029ca7cb,False,False,1,False,Person-specific source filename and unique image bytes support this match.
content/Photos/Robert_Blaser.jpg,Robert_Blaser.jpg,.jpg,robertblaser,Robert Blaser,121,1.0,exact_match,779,1175,JPEG,c0c10b572f94bb90d430d7bae263a9590a04f26c8cc43172a60e8a8c7fdf5a3e,False,False,1,False,Person-specific source filename and unique image bytes support this match.
content/Photos/Robert_Campbell.jpg,Robert_Campbell.jpg,.jpg,robertcampbell,Robert Campbell,122,1.0,exact_match,180,180,JPEG,2a355a716cabb1851ba89f949f931c1d0a60d6ab2242ca2e81961cb7498394c0,False,False,1,False,Person-specific source filename and unique image bytes support this match.
content/Photos/Robert_Schnabel.jpg,Robert_Schnabel.jpg,.jpg,robertschnabel,Robert Schnabel,123,1.0,exact_match,568,793,JPEG,5638f0af1c8ba1e2378ee358b3072fb84da470f839544a3178486af7688cd160,False,False,1,False,Person-specific source filename and unique image bytes support this match.
content/Photos/Roger_Kinney.jpg,Roger_Kinney.jpg,.jpg,rogerkinney,Roger Kinney,124,1.0,exact_match,400,384,JPEG,6ffd2e92d93c462e5514a1dedc73a44a60fd9dfcb5d413bc4890282dcb3eb983,False,False,1,False,Person-specific source filename and unique image bytes support this match.
content/Photos/Ron_Piotraschke.jpg,Ron_Piotraschke.jpg,.jpg,ronpiotraschke,Ron Piotraschke,125,1.0,exact_match,1067,1438,JPEG,4708aa4294147a55540590cbd443b7beeb68b3835313bbee1a55f433f4d2913b,False,False,1,False,Person-specific source filename and unique image bytes support this match.
content/Photos/Ron_Sisson.jpg,Ron_Sisson.jpg,.jpg,ronsisson,Ron Sisson,126,1.0,exact_match,207,207,JPEG,fc9b5ee1e8dd13c06b952d7e488325d73be77fd8292c6816c6a17f6a5b5f7788,False,False,1,False,Person-specific source filename and unique image bytes support this match.
content/Photos/Ross_Barlow.jpg,Ross_Barlow.jpg,.jpg,rossbarlow,Ross Barlow,127,1.0,exact_match,686,897,JPEG,7669e6e54c3d4f448de433e694746d3285215e7684991c21dc5dbd030ff855bf,False,False,1,False,Person-specific source filename and unique image bytes support this match.
content/Photos/Ross_MacAskill.jpg,Ross_MacAskill.jpg,.jpg,rossmacaskill,Ross MacAskill,128,1.0,exact_match,642,808,JPEG,695d7800589d03449897efb023940f891fa3e4d68003f39f5a464a13ab19edf6,False,False,1,False,Person-specific source filename and unique image bytes support this match.
content/Photos/Sal_Salazar_Missing.webp,Sal_Salazar_Missing.webp,.webp,salsalazar,Sal Salazar,129,1.0,duplicate_candidate,1024,1536,WEBP,42a7bb94d3913f6ead4f62456b916f6cdc6d1c732faba794a4e8304d0ec89a10,True,True,33,True,Placeholder or generic silhouette; not a verified portrait.
content/Photos/Sam_Corsentino.jpg,Sam_Corsentino.jpg,.jpg,samcorentino,Sam Corentino,130,1.0,exact_match,163,173,JPEG,3e4034ef8a8f6735da265b5259ab03e66e32addb85eac5e37849f183512caee0,False,False,1,False,Person-specific source filename and unique image bytes support this match.
content/Photos/Sid_Peretti_Missing.webp,Sid_Peretti_Missing.webp,.webp,sidperetti,Sid Peretti,131,1.0,duplicate_candidate,1024,1536,WEBP,42a7bb94d3913f6ead4f62456b916f6cdc6d1c732faba794a4e8304d0ec89a10,True,True,33,True,Placeholder or generic silhouette; not a verified portrait.
content/Photos/Steve_Heuer.jpg,Steve_Heuer.jpg,.jpg,steveheuer,Steve Heuer,132,1.0,exact_match,368,500,JPEG,1a0b93e0a333349bb8542f953dbe6e2c9ca95deba6dfb5afe8fa03d22a857f77,False,False,1,False,Person-specific source filename and unique image bytes support this match.
content/Photos/Steve_Usecheck.jpg,Steve_Usecheck.jpg,.jpg,steveusecheck,Steve Usecheck,133,1.0,exact_match,1024,1154,JPEG,f8ff471096c5bfda72b8a2196726ebeabd32437f0760fadb72714b34fb2b41c9,False,False,1,False,Person-specific source filename and unique image bytes support this match.
content/Photos/Stormy_Stucker_Missing.webp,Stormy_Stucker_Missing.webp,.webp,stormystucker,Stormy Stucker,134,1.0,duplicate_candidate,1024,1536,WEBP,42a7bb94d3913f6ead4f62456b916f6cdc6d1c732faba794a4e8304d0ec89a10,True,True,33,True,Placeholder or generic silhouette; not a verified portrait.
content/Photos/Terry_Angell.jpg,Terry_Angell.jpg,.jpg,terryangell,Terry Angell,135,1.0,exact_match,589,714,JPEG,50b2898ebcfd9a61b2f9a66e6931f088808112782ecd84fe96800cf3728ea063,False,False,1,False,Person-specific source filename and unique image bytes support this match.
content/Photos/Terry_Reed.jpg,Terry_Reed.jpg,.jpg,terryreed,Terry Reed,137,1.0,exact_match,303,432,JPEG,9b2965091da2e203cf68a2335fc0ea746c6034a2fb600e993cd61335ce39101f,False,False,1,False,Person-specific source filename and unique image bytes support this match.
content/Photos/Terry_Schiessler.jpg,Terry_Schiessler.jpg,.jpg,terryschiessler,Terry Schiessler,138,1.0,exact_match,165,263,JPEG,601c210ceed951e9beae5b2b57a181db49cdcfbe651ade6dce7831e789fb4912,False,False,1,False,Person-specific source filename and unique image bytes support this match.
content/Photos/Thomas_Severtson.jpg,Thomas_Severtson.jpg,.jpg,thomassevertson,Thomas Severtson,139,1.0,exact_match,397,504,JPEG,a83a8a5eda6dcd1aa1d40bb38718d4f17ffe7bcd4fa937b82ffc822b9f7715a3,False,False,1,False,Person-specific source filename and unique image bytes support this match.
content/Photos/Tim_Kardatzke.jpg,Tim_Kardatzke.jpg,.jpg,timkardatzke,Tim Kardatzke,140,1.0,exact_match,355,500,JPEG,ccbc624a781e22b5d16992cdf1eb9e7f07a041a0d8232073dbd4ea1a4d42d4db,False,False,1,False,Person-specific source filename and unique image bytes support this match.
content/Photos/Tom_Freed_Missing.webp,Tom_Freed_Missing.webp,.webp,tomfreed,Tom Freed,141,1.0,duplicate_candidate,1024,1536,WEBP,42a7bb94d3913f6ead4f62456b916f6cdc6d1c732faba794a4e8304d0ec89a10,True,True,33,True,Placeholder or generic silhouette; not a verified portrait.
content/Photos/Tom_Robinson.jpg,Tom_Robinson.jpg,.jpg,tomrobinson,Tom Robinson,142,1.0,exact_match,313,433,JPEG,80d5fd913382bdeebf55511ff37e7b465775eb60bb107244d264edd6779ea8fd,False,False,1,False,Person-specific source filename and unique image bytes support this match.
content/Photos/Tom_Smith.jpg,Tom_Smith.jpg,.jpg,tomsmith,Tom Smith,143,1.0,exact_match,787,1033,JPEG,2f153d8c76aebd82fe58a24c9567a66e81b9276cd7971abb1feebef8257d2c56,False,False,1,False,Person-specific source filename and unique image bytes support this match.
content/Photos/Vic_Damon_Missing.webp,Vic_Damon_Missing.webp,.webp,vicdamon,Vic Damon,144,1.0,duplicate_candidate,1024,1536,WEBP,42a7bb94d3913f6ead4f62456b916f6cdc6d1c732faba794a4e8304d0ec89a10,True,True,33,True,Placeholder or generic silhouette; not a verified portrait.
content/Photos/Virgil_Jester.jpg,Virgil_Jester.jpg,.jpg,virgiljester,Virgil Jester,145,1.0,exact_match,178,189,JPEG,620408e1d9b403bbaad54c2cc09f3e163a29a62e596310a65fa4b08f8c3b1182,False,False,1,False,Person-specific source filename and unique image bytes support this match.
content/Photos/Walt_Clay.jpg,Walt_Clay.jpg,.jpg,waltclay,Walt Clay,146,1.0,exact_match,400,409,JPEG,0cd2db87268ebe7be744bb72c5070be0054a33a49ce5fa7a28a9f3063cc82f05,False,False,1,False,Person-specific source filename and unique image bytes support this match.
content/Photos/Warren_Kettner.jpg,Warren_Kettner.jpg,.jpg,warrenkettner,Warren Kettner,147,1.0,exact_match,343,477,JPEG,e9506a2d4afeb0e2d8e9b67ea9d044429459cf52f35275051d692069f50d9280,False,False,1,False,Person-specific source filename and unique image bytes support this match.
content/Photos/Wiley_Chance_Missing.webp,Wiley_Chance_Missing.webp,.webp,wileychance,Wiley Chance,148,1.0,duplicate_candidate,1024,1536,WEBP,42a7bb94d3913f6ead4f62456b916f6cdc6d1c732faba794a4e8304d0ec89a10,True,True,33,True,Placeholder or generic silhouette; not a verified portrait.
content/Photos/Willie_White.jpg,Willie_White.jpg,.jpg,williewhite,Willie White,149,1.0,exact_match,925,1084,JPEG,5f3e22de91b037de3f39f2b2d0b31623dca5220db218a6b9d405ac60b890ac5a,False,False,1,False,Person-specific source filename and unique image bytes support this match.
