stable_id,display_name,production_image_url,astro_image_url,production_portrait_behavior,astro_portrait_status,uses_production_default_missing_image,same_as_production_default_binary,recommended_action,priority,notes
jrhof-wp-2977,Terry Angell,https://jrhof.org/wp-content/uploads/2026/01/Terry_Angell.webp,https://jrhof.org/images/inductees/Terry_Angell.jpg,portrait_candidate,verified_candidate,false,not_applicable,keep_verified_candidate,medium,portrait_source=content/Photos/Terry_Angell.jpg; production_person_specific_missing_filename=false; Original source files map cleanly.
jrhof-wp-3064,George Demetriou,https://jrhof.org/wp-content/uploads/2026/01/George_Demetriou.webp,https://jrhof.org/images/inductees/George_Demetriou.jpg,portrait_candidate,verified_candidate,false,not_applicable,keep_verified_candidate,medium,portrait_source=content/Photos/George_Demetriou.jpg; production_person_specific_missing_filename=false; Original source files map cleanly.
jrhof-wp-3101,Fred Zuercher,https://jrhof.org/wp-content/uploads/2026/01/Fred_Zuercher.webp,https://jrhof.org/images/inductees/Fred_Zuercher.jpg,portrait_candidate,verified_candidate,false,not_applicable,keep_verified_candidate,medium,portrait_source=content/Photos/Fred_Zuercher.jpg; production_person_specific_missing_filename=false; Original source files map cleanly.
jrhof-wp-771,Ray Belfiore,https://jrhof.org/wp-content/uploads/2026/01/Ray_Belfiore.webp,https://jrhof.org/images/inductees/Ray_Belfiore.jpg,portrait_candidate,verified_candidate,false,not_applicable,keep_verified_candidate,medium,portrait_source=content/Photos/Ray_Belfiore.jpg; production_person_specific_missing_filename=false; Original source files map cleanly.
jrhof-wp-1109,Steve Heuer,https://jrhof.org/wp-content/uploads/2026/01/Steve_Heuer.webp,https://jrhof.org/images/inductees/Steve_Heuer.jpg,portrait_candidate,verified_candidate,false,not_applicable,keep_verified_candidate,medium,portrait_source=content/Photos/Steve_Heuer.jpg; production_person_specific_missing_filename=false; Original source files map cleanly.
jrhof-wp-1142,Terry Reed,https://jrhof.org/wp-content/uploads/2026/01/Terry_Reed.webp,https://jrhof.org/images/inductees/Terry_Reed.jpg,portrait_candidate,verified_candidate,false,not_applicable,keep_verified_candidate,medium,portrait_source=content/Photos/Terry_Reed.jpg; production_person_specific_missing_filename=false; Original source files map cleanly.
jrhof-wp-1227,Bert Borgman,https://jrhof.org/wp-content/uploads/2026/01/Bert_Borgmann.webp,https://jrhof.org/images/inductees/Bert_Borgmann.jpg,portrait_candidate,verified_candidate,false,not_applicable,keep_verified_candidate,high,portrait_source=content/Photos/Bert_Borgmann.jpg; production_person_specific_missing_filename=false; Original source files map cleanly.
jrhof-wp-1235,Jim Paronto,https://jrhof.org/wp-content/uploads/2026/01/Jim_Paronto.webp,https://jrhof.org/images/inductees/Jim_Paronto.jpg,portrait_candidate,verified_candidate,false,not_applicable,keep_verified_candidate,medium,portrait_source=content/Photos/Jim_Paronto.jpg; production_person_specific_missing_filename=false; Original source files map cleanly.
jrhof-wp-1237,Tom Robinson,https://jrhof.org/wp-content/uploads/2026/01/Tom_Robinson.webp,https://jrhof.org/images/inductees/Tom_Robinson.jpg,portrait_candidate,verified_candidate,false,not_applicable,keep_verified_candidate,medium,portrait_source=content/Photos/Tom_Robinson.jpg; production_person_specific_missing_filename=false; Original source files map cleanly.
jrhof-wp-1231,Dan Weikle,https://jrhof.org/wp-content/uploads/2026/01/Dan_Weikle.webp,https://jrhof.org/images/inductees/Dan_Weikle.jpg,portrait_candidate,verified_candidate,false,not_applicable,keep_verified_candidate,medium,portrait_source=content/Photos/Dan_Weikle.jpg; production_person_specific_missing_filename=false; Original source files map cleanly.
jrhof-wp-3045,Dave Baker,https://jrhof.org/wp-content/uploads/2026/01/Dave_Baker.webp,https://jrhof.org/images/inductees/Dave_Baker.jpg,portrait_candidate,verified_candidate,false,not_applicable,keep_verified_candidate,medium,portrait_source=content/Photos/Dave_Baker.jpg; production_person_specific_missing_filename=false; Original source files map cleanly.
jrhof-wp-3103,Joe Bonacquista,https://jrhof.org/wp-content/uploads/2026/01/Joe_Bonacquista.webp,https://jrhof.org/images/inductees/Joe_Bonacquista.jpg,portrait_candidate,verified_candidate,false,not_applicable,keep_verified_candidate,medium,portrait_source=content/Photos/Joe_Bonacquista.jpg; production_person_specific_missing_filename=false; Original source files map cleanly.
jrhof-wp-3082,Joey Borjon,https://jrhof.org/wp-content/uploads/2026/01/Joey_Borjon.webp,https://jrhof.org/images/inductees/Joey_Borjon.jpg,portrait_candidate,verified_candidate,false,not_applicable,keep_verified_candidate,medium,portrait_source=content/Photos/Joey_Borjon.jpg; production_person_specific_missing_filename=false; Original source files map cleanly.
jrhof-wp-2982,Mike Doohan,https://jrhof.org/wp-content/uploads/2026/01/Mike_Doohan.webp,https://jrhof.org/images/inductees/Mike_Doohan.jpg,portrait_candidate,verified_candidate,false,not_applicable,keep_verified_candidate,medium,portrait_source=content/Photos/Mike_Doohan.jpg; production_person_specific_missing_filename=false; Original source files map cleanly.
jrhof-wp-3043,Don Hegi,https://jrhof.org/wp-content/uploads/2026/01/Don_Hegi.webp,https://jrhof.org/images/inductees/Don_Hegi.jpg,portrait_candidate,verified_candidate,false,not_applicable,keep_verified_candidate,high,portrait_source=content/Photos/Don_Hegi.jpg; production_person_specific_missing_filename=false; Review remaining source gaps and prior audit notes.
jrhof-wp-3031,Dan Ringsby,https://jrhof.org/wp-content/uploads/2026/01/Dan_Ringsby.webp,https://jrhof.org/images/inductees/Dan_Ringsby.jpg,portrait_candidate,verified_candidate,false,not_applicable,keep_verified_candidate,high,portrait_source=content/Photos/Dan_Ringsby.jpg; production_person_specific_missing_filename=false; Review remaining source gaps and prior audit notes.
jrhof-wp-2981,Neil Devlin,https://jrhof.org/wp-content/uploads/2026/01/Neil_Devlin.webp,https://jrhof.org/images/inductees/Neil_Devlin.jpg,portrait_candidate,verified_candidate,false,not_applicable,keep_verified_candidate,medium,portrait_source=content/Photos/Neil_Devlin.jpg; production_person_specific_missing_filename=false; Original source files map cleanly.
jrhof-wp-3168,Myran Dunker,https://jrhof.org/wp-content/uploads/2026/01/Myran_Dunker.webp,https://jrhof.org/images/inductees/Myran_Dunker.jpg,portrait_candidate,verified_candidate,false,not_applicable,keep_verified_candidate,medium,portrait_source=content/Photos/Myran_Dunker.jpg; production_person_specific_missing_filename=false; Original source files map cleanly.
jrhof-wp-3111,Randy Holmen,https://jrhof.org/wp-content/uploads/2026/01/Randy_Holmen.webp,https://jrhof.org/images/inductees/Randy_Holmen.jpg,portrait_candidate,verified_candidate,false,not_applicable,keep_verified_candidate,medium,portrait_source=content/Photos/Randy_Holmen.jpg; production_person_specific_missing_filename=false; Original source files map cleanly.
jrhof-wp-3063,Tim Kardatzke,https://jrhof.org/wp-content/uploads/2026/01/Tim_Kardatzke.webp,https://jrhof.org/images/inductees/Tim_Kardatzke.jpg,portrait_candidate,verified_candidate,false,not_applicable,keep_verified_candidate,medium,portrait_source=content/Photos/Tim_Kardatzke.jpg; production_person_specific_missing_filename=false; Original source files map cleanly.
jrhof-wp-2999,Dennis Smith,https://jrhof.org/wp-content/uploads/2026/01/Dennis_Smith.webp,https://jrhof.org/images/inductees/Dennis_Smith.jpg,portrait_candidate,verified_candidate,false,not_applicable,keep_verified_candidate,medium,portrait_source=content/Photos/Dennis_Smith.jpg; production_person_specific_missing_filename=false; Original source files map cleanly.
jrhof-wp-3009,Keith Bailey,https://jrhof.org/wp-content/uploads/2026/01/Keith_Bailey.webp,https://jrhof.org/images/inductees/Keith_Bailey.jpg,portrait_candidate,verified_candidate,false,not_applicable,keep_verified_candidate,medium,portrait_source=content/Photos/Keith_Bailey.jpg; production_person_specific_missing_filename=false; Original source files map cleanly.
jrhof-wp-3109,Doug Graham,https://jrhof.org/wp-content/uploads/2026/01/Doug_Graham.webp,https://jrhof.org/images/inductees/Doug_Graham.jpg,portrait_candidate,verified_candidate,false,not_applicable,keep_verified_candidate,medium,portrait_source=content/Photos/Doug_Graham.jpg; production_person_specific_missing_filename=false; Original source files map cleanly.
jrhof-wp-3013,Dick Reininger,https://jrhof.org/wp-content/uploads/2026/01/Dick_Reininger.webp,https://jrhof.org/images/inductees/Dick_Reininger.jpg,portrait_candidate,verified_candidate,false,not_applicable,keep_verified_candidate,medium,portrait_source=content/Photos/Dick_Reininger.jpg; production_person_specific_missing_filename=false; Original source files map cleanly.
jrhof-wp-3044,Lee Rosa,https://jrhof.org/wp-content/uploads/2026/01/Lee_Rosa.webp,https://jrhof.org/images/inductees/Lee_Rosa.jpg,portrait_candidate,verified_candidate,false,not_applicable,keep_verified_candidate,medium,portrait_source=content/Photos/Lee_Rosa.jpg; production_person_specific_missing_filename=false; Original source files map cleanly.
jrhof-wp-2990,Paul Babkiewich,https://jrhof.org/wp-content/uploads/2026/01/Paul_Babkiewich.webp,https://jrhof.org/images/inductees/Paul_Babkiewich.jpg,portrait_candidate,verified_candidate,false,not_applicable,keep_verified_candidate,medium,portrait_source=content/Photos/Paul_Babkiewich.jpg; production_person_specific_missing_filename=false; Original source files map cleanly.
jrhof-wp-3062,Ross Barlow,https://jrhof.org/wp-content/uploads/2026/01/Ross_Barlow.webp,https://jrhof.org/images/inductees/Ross_Barlow.jpg,portrait_candidate,verified_candidate,false,not_applicable,keep_verified_candidate,medium,portrait_source=content/Photos/Ross_Barlow.jpg; production_person_specific_missing_filename=false; Original source files map cleanly.
jrhof-wp-3116,Terry Garvey,https://jrhof.org/wp-content/uploads/2026/01/Ray_Garvey.webp,https://jrhof.org/images/inductees/portrait-pending.svg,portrait_candidate,alternate_pending_review_svg,false,false,restore_shared_production_default_missing_image;human_identity_review,high,portrait_source=; production_person_specific_missing_filename=false; Astro currently uses portrait-pending.svg; Original biography says Terry; source photo is named Ray_Garvey.jpg. Terry/Ray identity remains blocked.
jrhof-wp-3055,Dan Cholas,https://jrhof.org/wp-content/uploads/2026/01/Dan_Cholas.webp,https://jrhof.org/images/inductees/Dan_Cholas.jpg,portrait_candidate,verified_candidate,false,not_applicable,keep_verified_candidate,medium,portrait_source=content/Photos/Dan_Cholas.jpg; production_person_specific_missing_filename=false; Original source files map cleanly.
jrhof-wp-3088,Mark Denzin,https://jrhof.org/wp-content/uploads/2026/01/Mark_Denzin.webp,https://jrhof.org/images/inductees/Mark_Denzin.jpg,portrait_candidate,verified_candidate,false,not_applicable,keep_verified_candidate,medium,portrait_source=content/Photos/Mark_Denzin.jpg; production_person_specific_missing_filename=false; Original source files map cleanly.
jrhof-wp-3017,Don Stengel,https://jrhof.org/wp-content/uploads/2026/01/Don_Stengel.webp,https://jrhof.org/images/inductees/Don_Stengel.jpg,portrait_candidate,verified_candidate,false,not_applicable,keep_verified_candidate,medium,portrait_source=content/Photos/Don_Stengel.jpg; production_person_specific_missing_filename=false; Original source files map cleanly.
jrhof-wp-3065,Bob Jones,https://jrhof.org/wp-content/uploads/2026/01/Bob_Jones.webp,https://jrhof.org/images/inductees/Bob_Jones.jpg,portrait_candidate,verified_candidate,false,not_applicable,keep_verified_candidate,medium,portrait_source=content/Photos/Bob_Jones.jpg; production_person_specific_missing_filename=false; Original source files map cleanly.
jrhof-wp-3014,Ed OConnor,https://jrhof.org/wp-content/uploads/2026/01/Ed_OConnor.webp,https://jrhof.org/images/inductees/Ed_OConnor.jpg,portrait_candidate,verified_candidate,false,not_applicable,keep_verified_candidate,medium,portrait_source=content/Photos/Ed_OConnor.jpg; production_person_specific_missing_filename=false; Original source files map cleanly.
jrhof-wp-3021,Tom Smith,https://jrhof.org/wp-content/uploads/2026/01/Tom_Smith.webp,https://jrhof.org/images/inductees/Tom_Smith.jpg,portrait_candidate,verified_candidate,false,not_applicable,keep_verified_candidate,medium,portrait_source=content/Photos/Tom_Smith.jpg; production_person_specific_missing_filename=false; Original source files map cleanly.
jrhof-wp-2986,Bruce Grigsby,https://jrhof.org/wp-content/uploads/2026/01/Bruce_Grigsby.webp,https://jrhof.org/images/inductees/Bruce_Grigsby.jpg,portrait_candidate,verified_candidate,false,not_applicable,keep_verified_candidate,medium,portrait_source=content/Photos/Bruce_Grigsby.jpg; production_person_specific_missing_filename=false; Original source files map cleanly.
jrhof-wp-3095,Leonard Varriano,https://jrhof.org/wp-content/uploads/2026/01/Leonard_Varriano.webp,https://jrhof.org/images/inductees/Leonard_Varriano.jpg,portrait_candidate,verified_candidate,false,not_applicable,keep_verified_candidate,medium,portrait_source=content/Photos/Leonard_Varriano.jpg; production_person_specific_missing_filename=false; Original source files map cleanly.
jrhof-wp-2974,John Walsh,https://jrhof.org/wp-content/uploads/2026/01/John_Walsh.webp,https://jrhof.org/images/inductees/John_Walsh.jpg,portrait_candidate,verified_candidate,false,not_applicable,keep_verified_candidate,medium,portrait_source=content/Photos/John_Walsh.jpg; production_person_specific_missing_filename=false; Original source files map cleanly.
jrhof-wp-2992,Bruce Bradshaw,https://jrhof.org/wp-content/uploads/2026/01/Bruce_Bradshaw.webp,https://jrhof.org/images/inductees/Bruce_Bradshaw.jpg,portrait_candidate,verified_candidate,false,not_applicable,keep_verified_candidate,medium,portrait_source=content/Photos/Bruce_Bradshaw.jpg; production_person_specific_missing_filename=false; Original source files map cleanly.
jrhof-wp-3140,Dave Schmidt,https://jrhof.org/wp-content/uploads/2026/01/Dave_Schmidt_Missing.webp,https://jrhof.org/images/inductees/Dave_Schmidt.jpg,person_specific_filename_shared_default,verified_candidate,false,not_applicable,keep_verified_original_source_candidate;do_not_restore_person_specific_missing_filename,medium,portrait_source=content/Photos/Dave_Schmidt.jpg; production_person_specific_missing_filename=true; Original non-empty biography and person-specific .jpg resolve the prior source uncertainty; a Missing placeholder duplicate should be ignored.
jrhof-wp-2970,Jack Smith,https://jrhof.org/wp-content/uploads/2026/01/Jack_Smith.webp,https://jrhof.org/images/inductees/Jack_Smith.jpg,portrait_candidate,verified_candidate,false,not_applicable,keep_verified_candidate,medium,portrait_source=content/Photos/Jack_Smith.jpg; production_person_specific_missing_filename=false; Original source files map cleanly.
jrhof-wp-3157,Fritz Johnstone,https://jrhof.org/wp-content/uploads/2026/01/Fritz_Johnstone.webp,https://jrhof.org/images/inductees/Fritz_Johnstone.jpg,portrait_candidate,verified_candidate,false,not_applicable,keep_verified_candidate,medium,portrait_source=content/Photos/Fritz_Johnstone.jpg; production_person_specific_missing_filename=false; Original source files map cleanly.
jrhof-wp-2994,Richard Mauro,https://jrhof.org/wp-content/uploads/2026/01/Richard_Mauro.webp,https://jrhof.org/images/inductees/Richard_Mauro.jpg,portrait_candidate,verified_candidate,false,not_applicable,keep_verified_candidate,medium,portrait_source=content/Photos/Richard_Mauro.jpg; production_person_specific_missing_filename=false; Original source files map cleanly.
jrhof-wp-3076,Robert Schnabel,https://jrhof.org/wp-content/uploads/2026/01/Robert_Schnabel.webp,https://jrhof.org/images/inductees/Robert_Schnabel.jpg,portrait_candidate,verified_candidate,false,not_applicable,keep_verified_candidate,medium,portrait_source=content/Photos/Robert_Schnabel.jpg; production_person_specific_missing_filename=false; Correct 2010 Robert Schnabel biography and person-specific portrait are present in original sources. WordPress/live biography is explicitly excluded.
jrhof-wp-2987,Mike Brady,https://jrhof.org/wp-content/uploads/2026/01/Mike_Brady.webp,https://jrhof.org/images/inductees/Mike_Brady.jpg,portrait_candidate,verified_candidate,false,not_applicable,keep_verified_candidate,medium,portrait_source=content/Photos/Mike_Brady.jpg; production_person_specific_missing_filename=false; Original source files map cleanly.
jrhof-wp-3125,Irv Brown,https://jrhof.org/wp-content/uploads/2026/01/Irv_Brown.webp,https://jrhof.org/images/inductees/Irv_Brown.jpg,portrait_candidate,verified_candidate,false,not_applicable,keep_verified_candidate,medium,portrait_source=content/Photos/Irv_Brown.jpg; production_person_specific_missing_filename=false; Original source files map cleanly.
jrhof-wp-3070,Frank DeAngelis,https://jrhof.org/wp-content/uploads/2026/01/Frank_DeAngelis.webp,https://jrhof.org/images/inductees/Frank_DeAngelis.jpg,portrait_candidate,verified_candidate,false,not_applicable,keep_verified_candidate,medium,portrait_source=content/Photos/Frank_DeAngelis.jpg; production_person_specific_missing_filename=false; Original source files map cleanly.
jrhof-wp-2973,Thomas Severtson,https://jrhof.org/wp-content/uploads/2026/01/Thomas_Severtson.webp,https://jrhof.org/images/inductees/Thomas_Severtson.jpg,portrait_candidate,verified_candidate,false,not_applicable,keep_verified_candidate,medium,portrait_source=content/Photos/Thomas_Severtson.jpg; production_person_specific_missing_filename=false; Original source files map cleanly.
jrhof-wp-3066,Robert Campbell,https://jrhof.org/wp-content/uploads/2026/01/Robert_Campbell.webp,https://jrhof.org/images/inductees/Robert_Campbell.jpg,portrait_candidate,verified_candidate,false,not_applicable,keep_verified_candidate,medium,portrait_source=content/Photos/Robert_Campbell.jpg; production_person_specific_missing_filename=false; Original source files map cleanly.
jrhof-wp-3046,Rich Czernicki,https://jrhof.org/wp-content/uploads/2026/01/Rich_Czernicki.webp,https://jrhof.org/images/inductees/Rich_Czernicki.jpg,portrait_candidate,verified_candidate,false,not_applicable,keep_verified_candidate,medium,portrait_source=content/Photos/Rich_Czernicki.jpg; production_person_specific_missing_filename=false; Original source files map cleanly.
jrhof-wp-3000,Arny Karraker,https://jrhof.org/wp-content/uploads/2026/01/Arny_Karraker.webp,https://jrhof.org/images/inductees/Arny_Karraker.jpg,portrait_candidate,verified_candidate,false,not_applicable,keep_verified_candidate,medium,portrait_source=content/Photos/Arny_Karraker.jpg; production_person_specific_missing_filename=false; Original source files map cleanly.
jrhof-wp-3026,Ernie Ortiz,https://jrhof.org/wp-content/uploads/2026/01/Ernie_Ortiz.webp,https://jrhof.org/images/inductees/Ernie_Ortiz.jpg,portrait_candidate,verified_candidate,false,not_applicable,keep_verified_candidate,medium,portrait_source=content/Photos/Ernie_Ortiz.jpg; production_person_specific_missing_filename=false; Original source files map cleanly.
jrhof-wp-3035,"Carl Zele, Jr",https://jrhof.org/wp-content/uploads/2026/01/Carl_Zele.webp,https://jrhof.org/images/inductees/Carl_Zele.jpg,portrait_candidate,verified_candidate,false,not_applicable,keep_verified_candidate,medium,portrait_source=content/Photos/Carl_Zele.jpg; production_person_specific_missing_filename=false; Original source files map cleanly.
jrhof-wp-3170,Robert Blaser,https://jrhof.org/wp-content/uploads/2026/01/Robert_Blaser.webp,https://jrhof.org/images/inductees/Robert_Blaser.jpg,portrait_candidate,verified_candidate,false,not_applicable,keep_verified_candidate,medium,portrait_source=content/Photos/Robert_Blaser.jpg; production_person_specific_missing_filename=false; Original source files map cleanly.
jrhof-wp-3121,Richard Fanning,https://jrhof.org/wp-content/uploads/2026/01/Richard_Fanning.webp,https://jrhof.org/images/inductees/Richard_Fanning.jpg,portrait_candidate,verified_candidate,false,not_applicable,keep_verified_candidate,medium,portrait_source=content/Photos/Richard_Fanning.jpg; production_person_specific_missing_filename=false; Original source files map cleanly.
jrhof-wp-3166,Don Carlsen,https://jrhof.org/wp-content/uploads/2026/01/Don_Carlsen.webp,https://jrhof.org/images/inductees/Don_Carlsen.jpg,portrait_candidate,verified_candidate,false,not_applicable,keep_verified_candidate,medium,portrait_source=content/Photos/Don_Carlsen.jpg; production_person_specific_missing_filename=false; Original source files map cleanly.
jrhof-wp-3158,Ernie Kozacek,https://jrhof.org/wp-content/uploads/2026/01/Ernie_Kozacek.webp,https://jrhof.org/images/inductees/Ernie_Kozacek.jpg,portrait_candidate,verified_candidate,false,not_applicable,keep_verified_candidate,medium,portrait_source=content/Photos/Ernie_Kozacek.jpg; production_person_specific_missing_filename=false; Original source files map cleanly.
jrhof-wp-3089,Joseph Massaro,https://jrhof.org/wp-content/uploads/2026/01/Joseph_Massaro.webp,https://jrhof.org/images/inductees/Joseph_Massaro.jpg,portrait_candidate,verified_candidate,false,not_applicable,keep_verified_candidate,medium,portrait_source=content/Photos/Joseph_Massaro.jpg; production_person_specific_missing_filename=false; Original source files map cleanly.
jrhof-wp-3058,Bob Ottewill,https://jrhof.org/wp-content/uploads/2026/01/Bob_Ottewill.webp,https://jrhof.org/images/inductees/Bob_Ottewill.jpg,portrait_candidate,verified_candidate,false,not_applicable,keep_verified_candidate,medium,portrait_source=content/Photos/Bob_Ottewill.jpg; production_person_specific_missing_filename=false; Original source files map cleanly.
jrhof-wp-3032,Bob Meisner,https://jrhof.org/wp-content/uploads/2026/01/Bob_Meisner.webp,https://jrhof.org/images/inductees/Bob_Meisner.jpg,portrait_candidate,verified_candidate,false,not_applicable,keep_verified_candidate,medium,portrait_source=content/Photos/Bob_Meisner.jpg; production_person_specific_missing_filename=false; Original source files map cleanly.
jrhof-wp-3033,Al Raglin,https://jrhof.org/wp-content/uploads/2026/01/Al_Raglin.webp,https://jrhof.org/images/inductees/Al_Raglin.jpg,portrait_candidate,verified_candidate,false,not_applicable,keep_verified_candidate,medium,portrait_source=content/Photos/Al_Raglin.jpg; production_person_specific_missing_filename=false; Original source files map cleanly.
jrhof-wp-3029,Jim Schaefer,https://jrhof.org/wp-content/uploads/2026/01/Jim_Schaefer.webp,https://jrhof.org/images/inductees/Jim_Schaefer.jpg,portrait_candidate,verified_candidate,false,not_applicable,keep_verified_candidate,medium,portrait_source=content/Photos/Jim_Schaefer.jpg; production_person_specific_missing_filename=false; Original source files map cleanly.
jrhof-wp-3152,Bud Schoepflin,https://jrhof.org/wp-content/uploads/2026/01/Bud_Schoepflin.webp,https://jrhof.org/images/inductees/Bud_Schoepflin.jpg,portrait_candidate,verified_candidate,false,not_applicable,keep_verified_candidate,medium,portrait_source=content/Photos/Bud_Schoepflin.jpg; production_person_specific_missing_filename=false; Original source files map cleanly.
jrhof-wp-3005,Gary Baker,https://jrhof.org/wp-content/uploads/2026/01/Gary_Baker.webp,https://jrhof.org/images/inductees/Gary_Baker.jpg,portrait_candidate,verified_candidate,false,not_applicable,keep_verified_candidate,medium,portrait_source=content/Photos/Gary_Baker.jpg; production_person_specific_missing_filename=false; Original source files map cleanly.
jrhof-wp-3097,Ross MacAskill,https://jrhof.org/wp-content/uploads/2026/01/Ross_MacAskill.webp,https://jrhof.org/images/inductees/Ross_MacAskill.jpg,portrait_candidate,verified_candidate,false,not_applicable,keep_verified_candidate,medium,portrait_source=content/Photos/Ross_MacAskill.jpg; production_person_specific_missing_filename=false; Original source files map cleanly.
jrhof-wp-3160,Gordon Cooper,https://jrhof.org/wp-content/uploads/2026/01/Gordon_Cooper.webp,https://jrhof.org/images/inductees/Gordon_Cooper.jpg,portrait_candidate,verified_candidate,false,not_applicable,keep_verified_candidate,medium,portrait_source=content/Photos/Gordon_Cooper.jpg; production_person_specific_missing_filename=false; Original source files map cleanly.
jrhof-wp-3127,Pat Haggerty,https://jrhof.org/wp-content/uploads/2026/01/Pat_Haggerty.webp,https://jrhof.org/images/inductees/Pat_Haggerty.jpg,portrait_candidate,verified_candidate,false,not_applicable,keep_verified_candidate,medium,portrait_source=content/Photos/Pat_Haggerty.jpg; production_person_specific_missing_filename=false; Original source files map cleanly.
jrhof-wp-3051,Jim Jenkins,https://jrhof.org/wp-content/uploads/2026/01/Jim_Jenkins.webp,https://jrhof.org/images/inductees/Jim_Jenkins.jpg,portrait_candidate,verified_candidate,false,not_applicable,keep_verified_candidate,medium,portrait_source=content/Photos/Jim_Jenkins.jpg; production_person_specific_missing_filename=false; Original source files map cleanly.
jrhof-wp-3037,Ron Piotraschke,https://jrhof.org/wp-content/uploads/2026/01/Ron_Piotraschke.webp,https://jrhof.org/images/inductees/Ron_Piotraschke.jpg,portrait_candidate,verified_candidate,false,not_applicable,keep_verified_candidate,medium,portrait_source=content/Photos/Ron_Piotraschke.jpg; production_person_specific_missing_filename=false; Original source files map cleanly.
jrhof-wp-3056,Raymond Powe,https://jrhof.org/wp-content/uploads/2026/01/Raymond_Powe.webp,https://jrhof.org/images/inductees/Raymond_Powe.jpg,portrait_candidate,verified_candidate,false,not_applicable,keep_verified_candidate,medium,portrait_source=content/Photos/Raymond_Powe.jpg; production_person_specific_missing_filename=false; Original source files map cleanly.
jrhof-wp-3091,Richard Chandler,https://jrhof.org/wp-content/uploads/2026/01/Richard_Chandler.webp,https://jrhof.org/images/inductees/Richard_Chandler.jpg,portrait_candidate,verified_candidate,false,not_applicable,keep_verified_candidate,medium,portrait_source=content/Photos/Richard_Chandler.jpg; production_person_specific_missing_filename=false; Original source files map cleanly.
jrhof-wp-3023,Richard Hawkins,https://jrhof.org/wp-content/uploads/2026/01/Richard_Hawkins.webp,https://jrhof.org/images/inductees/Richard_Hawkins.jpg,portrait_candidate,verified_candidate,false,not_applicable,keep_verified_candidate,medium,portrait_source=content/Photos/Richard_Hawkins.jpg; production_person_specific_missing_filename=false; Original source files map cleanly.
jrhof-wp-3129,Chris Dittman,https://jrhof.org/wp-content/uploads/2026/01/Chris_Dittman.webp,https://jrhof.org/images/inductees/Chris_Dittman.jpg,portrait_candidate,verified_candidate,false,not_applicable,keep_verified_candidate,medium,portrait_source=content/Photos/Chris_Dittman.jpg; production_person_specific_missing_filename=false; Original source files map cleanly.
jrhof-wp-3001,Leroy Garzonio,https://jrhof.org/wp-content/uploads/2026/01/Leroy_Garzonio_Missing.webp,https://jrhof.org/images/inductees/portrait-pending.svg,person_specific_filename_shared_default,alternate_pending_review_svg,false,false,restore_shared_production_default_missing_image,high,portrait_source=; production_person_specific_missing_filename=true; Astro currently uses portrait-pending.svg; Review remaining source gaps and prior audit notes.
jrhof-wp-3002,Frank Messenger,https://jrhof.org/wp-content/uploads/2026/01/Frank_Messenger.webp,https://jrhof.org/images/inductees/Frank_Messenger.jpg,portrait_candidate,verified_candidate,false,not_applicable,keep_verified_candidate,medium,portrait_source=content/Photos/Frank_Messenger.jpg; production_person_specific_missing_filename=false; Original source files map cleanly.
jrhof-wp-3104,Del Petersen,https://jrhof.org/wp-content/uploads/2026/01/Del_Petersen_Missing.webp,https://jrhof.org/images/inductees/portrait-pending.svg,person_specific_filename_shared_default,alternate_pending_review_svg,false,false,restore_shared_production_default_missing_image,high,portrait_source=; production_person_specific_missing_filename=true; Astro currently uses portrait-pending.svg; Review remaining source gaps and prior audit notes.
jrhof-wp-3039,Bob Ferguson,https://jrhof.org/wp-content/uploads/2026/01/Bob_Ferguson_Missing.webp,https://jrhof.org/images/inductees/portrait-pending.svg,person_specific_filename_shared_default,alternate_pending_review_svg,false,false,restore_shared_production_default_missing_image,high,portrait_source=; production_person_specific_missing_filename=true; Astro currently uses portrait-pending.svg; Review remaining source gaps and prior audit notes.
jrhof-wp-3025,Bill Lind,https://jrhof.org/wp-content/uploads/2026/01/Bill_Lind_missing.webp,https://jrhof.org/images/inductees/portrait-pending.svg,person_specific_filename_shared_default,alternate_pending_review_svg,false,false,restore_shared_production_default_missing_image,high,portrait_source=; production_person_specific_missing_filename=true; Astro currently uses portrait-pending.svg; Review remaining source gaps and prior audit notes.
jrhof-wp-3072,Steve Usecheck,https://jrhof.org/wp-content/uploads/2026/01/Steve_Usecheck.webp,https://jrhof.org/images/inductees/Steve_Usecheck.jpg,portrait_candidate,verified_candidate,false,not_applicable,keep_verified_candidate,high,"portrait_source=content/Photos/Steve_Usecheck.jpg; production_person_specific_missing_filename=false; Original biography text uses Steve Usechek, Jr.; control roster uses Steve Usecheck. Confirm preferred spelling/suffix."
jrhof-wp-3027,Ken Furman,https://jrhof.org/wp-content/uploads/2026/01/Ken_Furman.webp,https://jrhof.org/images/inductees/Ken_Furman.jpg,portrait_candidate,verified_candidate,false,not_applicable,keep_verified_candidate,medium,portrait_source=content/Photos/Ken_Furman.jpg; production_person_specific_missing_filename=false; Original source files map cleanly.
jrhof-wp-3012,Joe Maciel,https://jrhof.org/wp-content/uploads/2026/01/Joe_Maciel_Missing.webp,https://jrhof.org/images/inductees/portrait-pending.svg,person_specific_filename_shared_default,alternate_pending_review_svg,false,false,restore_shared_production_default_missing_image,high,portrait_source=; production_person_specific_missing_filename=true; Astro currently uses portrait-pending.svg; Review remaining source gaps and prior audit notes.
jrhof-wp-2971,Howard Dunbar,https://jrhof.org/wp-content/uploads/2026/01/Howard_Dunbar_Missing.webp,https://jrhof.org/images/inductees/portrait-pending.svg,person_specific_filename_shared_default,alternate_pending_review_svg,false,false,restore_shared_production_default_missing_image,high,portrait_source=; production_person_specific_missing_filename=true; Astro currently uses portrait-pending.svg; Review remaining source gaps and prior audit notes.
jrhof-wp-2996,Cliff Hendrick,https://jrhof.org/wp-content/uploads/2026/01/Cliff_Hendrick.webp,https://jrhof.org/images/inductees/Cliff_Hendrick.jpg,portrait_candidate,verified_candidate,false,not_applicable,keep_verified_candidate,medium,portrait_source=content/Photos/Cliff_Hendrick.jpg; production_person_specific_missing_filename=false; Original source files map cleanly.
jrhof-wp-3067,Ed Underwood,https://jrhof.org/wp-content/uploads/2026/01/Ed_Underwood.webp,https://jrhof.org/images/inductees/Ed_Underwood.jpg,portrait_candidate,verified_candidate,false,not_applicable,keep_verified_candidate,medium,portrait_source=content/Photos/Ed_Underwood.jpg; production_person_specific_missing_filename=false; Original source files map cleanly.
jrhof-wp-3008,Howard Wentz,https://jrhof.org/wp-content/uploads/2026/01/Howard_Wentz.webp,https://jrhof.org/images/inductees/Howard_Wentz.jpg,portrait_candidate,verified_candidate,false,not_applicable,keep_verified_candidate,medium,portrait_source=content/Photos/Howard_Wentz.jpg; production_person_specific_missing_filename=false; Original source files map cleanly.
jrhof-wp-2983,Bud Best,https://jrhof.org/wp-content/uploads/2026/01/Bud_Best.webp,https://jrhof.org/images/inductees/Bud_Best.jpg,portrait_candidate,verified_candidate,false,not_applicable,keep_verified_candidate,medium,portrait_source=content/Photos/Bud_Best.jpg; production_person_specific_missing_filename=false; Original source files map cleanly.
jrhof-wp-3133,Jim Dorsey,https://jrhof.org/wp-content/uploads/2026/01/Jim_Dorsey.webp,https://jrhof.org/images/inductees/Jim_Dorsey.jpg,portrait_candidate,verified_candidate,false,not_applicable,keep_verified_candidate,medium,portrait_source=content/Photos/Jim_Dorsey.jpg; production_person_specific_missing_filename=false; Original source files map cleanly.
jrhof-wp-3040,Tom Freed,https://jrhof.org/wp-content/uploads/2026/01/Tom_Freed_Missing.webp,https://jrhof.org/images/inductees/portrait-pending.svg,person_specific_filename_shared_default,alternate_pending_review_svg,false,false,restore_shared_production_default_missing_image,high,portrait_source=; production_person_specific_missing_filename=true; Astro currently uses portrait-pending.svg; Review remaining source gaps and prior audit notes.
jrhof-wp-1120,Joe Rossi,https://jrhof.org/wp-content/uploads/2026/01/Joe_Rossi.webp,https://jrhof.org/images/inductees/Joe_Rossi.jpg,portrait_candidate,verified_candidate,false,not_applicable,keep_verified_candidate,medium,portrait_source=content/Photos/Joe_Rossi.jpg; production_person_specific_missing_filename=false; Original source files map cleanly.
jrhof-wp-3061,Don Cimaglia,https://jrhof.org/wp-content/uploads/2026/01/Don_Cimaglia_Missing.webp,https://jrhof.org/images/inductees/portrait-pending.svg,person_specific_filename_shared_default,alternate_pending_review_svg,false,false,restore_shared_production_default_missing_image,high,portrait_source=; production_person_specific_missing_filename=true; Astro currently uses portrait-pending.svg; Original DOCX is empty; .jpg is the same generic silhouette used for four people and is not a portrait.
jrhof-wp-3164,Sid Peretti,https://jrhof.org/wp-content/uploads/2026/01/Sid_Peretti_Missing.webp,https://jrhof.org/images/inductees/portrait-pending.svg,person_specific_filename_shared_default,alternate_pending_review_svg,false,false,restore_shared_production_default_missing_image,high,portrait_source=; production_person_specific_missing_filename=true; Astro currently uses portrait-pending.svg; Review remaining source gaps and prior audit notes.
jrhof-wp-3144,Bob Westhoff,https://jrhof.org/wp-content/uploads/2026/01/Bob_Westhoff_Missing.webp,https://jrhof.org/images/inductees/portrait-pending.svg,person_specific_filename_shared_default,alternate_pending_review_svg,false,false,restore_shared_production_default_missing_image,high,portrait_source=; production_person_specific_missing_filename=true; Astro currently uses portrait-pending.svg; Review remaining source gaps and prior audit notes.
jrhof-wp-3028,Wiley Chance,https://jrhof.org/wp-content/uploads/2026/01/Wiley_Chance_Missing-683x1024.webp,https://jrhof.org/images/inductees/portrait-pending.svg,person_specific_filename_shared_default,alternate_pending_review_svg,false,false,restore_shared_production_default_missing_image,high,portrait_source=; production_person_specific_missing_filename=true; Astro currently uses portrait-pending.svg; Original DOCX is empty and only a Missing placeholder photo exists.
jrhof-wp-2995,Vic Damon,https://jrhof.org/wp-content/uploads/2026/01/Vic_Damon_Missing.webp,https://jrhof.org/images/inductees/portrait-pending.svg,person_specific_filename_shared_default,alternate_pending_review_svg,false,false,restore_shared_production_default_missing_image,high,portrait_source=; production_person_specific_missing_filename=true; Astro currently uses portrait-pending.svg; Review remaining source gaps and prior audit notes.
jrhof-wp-3007,Jim Darden,https://jrhof.org/wp-content/uploads/2026/01/Jim_Darden.webp,https://jrhof.org/images/inductees/Jim_Darden.jpg,portrait_candidate,verified_candidate,false,not_applicable,keep_verified_candidate,medium,portrait_source=content/Photos/Jim_Darden.jpg; production_person_specific_missing_filename=false; Original source files map cleanly.
jrhof-wp-2984,Lou Nedbalski,https://jrhof.org/wp-content/uploads/2026/01/Lou_Nedbalski.webp,https://jrhof.org/images/inductees/Lou_Nedbalski.jpg,portrait_candidate,verified_candidate,false,not_applicable,keep_verified_candidate,medium,portrait_source=content/Photos/Lou_Nedbalski.jpg; production_person_specific_missing_filename=false; Original source files map cleanly.
jrhof-wp-3068,Dick Cartin,https://jrhof.org/wp-content/uploads/2026/01/Dick_Cartin.webp,https://jrhof.org/images/inductees/Dick_Cartin.jpg,portrait_candidate,verified_candidate,false,not_applicable,keep_verified_candidate,medium,portrait_source=content/Photos/Dick_Cartin.jpg; production_person_specific_missing_filename=false; Original source files map cleanly.
jrhof-wp-3053,Ernest Cavalieri,https://jrhof.org/wp-content/uploads/2026/01/Ernest_Cavalieri_Missing.webp,https://jrhof.org/images/inductees/portrait-pending.svg,person_specific_filename_shared_default,alternate_pending_review_svg,false,false,restore_shared_production_default_missing_image,high,portrait_source=; production_person_specific_missing_filename=true; Astro currently uses portrait-pending.svg; Review remaining source gaps and prior audit notes.
jrhof-wp-3042,Roger Kinney,https://jrhof.org/wp-content/uploads/2026/01/Roger_Kinney.webp,https://jrhof.org/images/inductees/Roger_Kinney.jpg,portrait_candidate,verified_candidate,false,not_applicable,keep_verified_candidate,medium,portrait_source=content/Photos/Roger_Kinney.jpg; production_person_specific_missing_filename=false; Original source files map cleanly.
jrhof-wp-3117,Nick Vitale,https://jrhof.org/wp-content/uploads/2026/01/Nick_Vitale_Missing.webp,https://jrhof.org/images/inductees/portrait-pending.svg,person_specific_filename_shared_default,alternate_pending_review_svg,false,false,restore_shared_production_default_missing_image,high,portrait_source=; production_person_specific_missing_filename=true; Astro currently uses portrait-pending.svg; Review remaining source gaps and prior audit notes.
jrhof-wp-3059,Joe Brooks,https://jrhof.org/wp-content/uploads/2026/01/Joe_Brooks_Missing.webp,https://jrhof.org/images/inductees/portrait-pending.svg,person_specific_filename_shared_default,alternate_pending_review_svg,false,false,restore_shared_production_default_missing_image,high,portrait_source=; production_person_specific_missing_filename=true; Astro currently uses portrait-pending.svg; Review remaining source gaps and prior audit notes.
jrhof-wp-2998,Charlie Chainhalt,https://jrhof.org/wp-content/uploads/2026/01/Charlie_Chainhalt.webp,https://jrhof.org/images/inductees/Charlie_Chainhalt.jpg,portrait_candidate,verified_candidate,false,not_applicable,keep_verified_candidate,medium,portrait_source=content/Photos/Charlie_Chainhalt.jpg; production_person_specific_missing_filename=false; Original source files map cleanly.
jrhof-wp-3048,John DeSiato,https://jrhof.org/wp-content/uploads/2026/01/John_DeSiato.webp,https://jrhof.org/images/inductees/John_DeSiato.jpg,portrait_candidate,verified_candidate,false,not_applicable,keep_verified_candidate,medium,portrait_source=content/Photos/John_DeSiato.jpg; production_person_specific_missing_filename=false; Original source files map cleanly.
jrhof-wp-3112,Francis Ford,https://jrhof.org/wp-content/uploads/2026/01/Francis_Ford_Missing.webp,https://jrhof.org/images/inductees/portrait-pending.svg,person_specific_filename_shared_default,alternate_pending_review_svg,false,false,restore_shared_production_default_missing_image,high,portrait_source=; production_person_specific_missing_filename=true; Astro currently uses portrait-pending.svg; Review remaining source gaps and prior audit notes.
jrhof-wp-2997,Mike Kronkright,https://jrhof.org/wp-content/uploads/2026/01/Mike_Kronkright.webp,https://jrhof.org/images/inductees/Mike_Kronkright.jpg,portrait_candidate,verified_candidate,false,not_applicable,keep_verified_candidate,medium,"portrait_source=content/Photos/Mike_Kronkright.jpg; production_person_specific_missing_filename=false; Control CSV Image says David_Kronkright.jpg, but original source contains Mike_Kronkright.jpg; use the person-specific source filename after review."
jrhof-wp-3114,Harry Wise,https://jrhof.org/wp-content/uploads/2026/01/Harry_Wise.webp,https://jrhof.org/images/inductees/Harry_Wise.jpg,portrait_candidate,verified_candidate,false,not_applicable,keep_verified_candidate,medium,portrait_source=content/Photos/Harry_Wise.jpg; production_person_specific_missing_filename=false; Original source files map cleanly.
jrhof-wp-2969,Bill Fanning,https://jrhof.org/wp-content/uploads/2026/01/Bill_Fanning.webp,https://jrhof.org/images/inductees/Bill_Fanning.jpg,portrait_candidate,verified_candidate,false,not_applicable,keep_verified_candidate,medium,portrait_source=content/Photos/Bill_Fanning.jpg; production_person_specific_missing_filename=false; Original source files map cleanly.
jrhof-wp-2978,Bill Helman,https://jrhof.org/wp-content/uploads/2026/01/Bill_Helman.webp,https://jrhof.org/images/inductees/Bill_Helman.jpg,portrait_candidate,verified_candidate,false,not_applicable,keep_verified_candidate,medium,portrait_source=content/Photos/Bill_Helman.jpg; production_person_specific_missing_filename=false; Original source files map cleanly.
jrhof-wp-3020,Mark Junge,https://jrhof.org/wp-content/uploads/2026/01/Mark_Junge_Missing.webp,https://jrhof.org/images/inductees/portrait-pending.svg,person_specific_filename_shared_default,alternate_pending_review_svg,false,false,restore_shared_production_default_missing_image,high,portrait_source=; production_person_specific_missing_filename=true; Astro currently uses portrait-pending.svg; Review remaining source gaps and prior audit notes.
jrhof-wp-3041,Willie White,https://jrhof.org/wp-content/uploads/2026/01/Willie_White.webp,https://jrhof.org/images/inductees/Willie_White.jpg,portrait_candidate,verified_candidate,false,not_applicable,keep_verified_candidate,medium,portrait_source=content/Photos/Willie_White.jpg; production_person_specific_missing_filename=false; Original source files map cleanly.
jrhof-wp-3034,Art Wollenweber,https://jrhof.org/wp-content/uploads/2026/01/Art_Wollenweber.webp,https://jrhof.org/images/inductees/Art_Wollenweber.jpg,portrait_candidate,verified_candidate,false,not_applicable,keep_verified_candidate,medium,portrait_source=content/Photos/Art_Wollenweber.jpg; production_person_specific_missing_filename=false; Original source files map cleanly.
jrhof-wp-2988,Leo Bahl,https://jrhof.org/wp-content/uploads/2026/01/Leo_Bahl.webp,https://jrhof.org/images/inductees/Leo_Bahl.jpg,portrait_candidate,verified_candidate,false,not_applicable,keep_verified_candidate,medium,portrait_source=content/Photos/Leo_Bahl.jpg; production_person_specific_missing_filename=false; Original source files map cleanly.
jrhof-wp-3106,Gene Bunnelle,https://jrhof.org/wp-content/uploads/2026/01/Gene_Bunnelle.webp,https://jrhof.org/images/inductees/Gene_Bunnelle.jpg,portrait_candidate,verified_candidate,false,not_applicable,keep_verified_candidate,medium,portrait_source=content/Photos/Gene_Bunnelle.jpg; production_person_specific_missing_filename=false; Original source files map cleanly.
jrhof-wp-2985,Julius Carabello,https://jrhof.org/wp-content/uploads/2026/01/Julius_Carabello.webp,https://jrhof.org/images/inductees/Julius_Carabello.jpg,portrait_candidate,verified_candidate,false,not_applicable,keep_verified_candidate,medium,portrait_source=content/Photos/Julius_Carabello.jpg; production_person_specific_missing_filename=false; Original source files map cleanly.
jrhof-wp-3086,Warren Kettner,https://jrhof.org/wp-content/uploads/2026/01/Warren_Kettner.webp,https://jrhof.org/images/inductees/Warren_Kettner.jpg,portrait_candidate,verified_candidate,false,not_applicable,keep_verified_candidate,medium,portrait_source=content/Photos/Warren_Kettner.jpg; production_person_specific_missing_filename=false; Original source files map cleanly.
jrhof-wp-3137,Irv Moss,https://jrhof.org/wp-content/uploads/2026/01/Irv_Moss.webp,https://jrhof.org/images/inductees/Irv_Moss.jpg,portrait_candidate,verified_candidate,false,not_applicable,keep_verified_candidate,medium,portrait_source=content/Photos/Irv_Moss.jpg; production_person_specific_missing_filename=false; Original source files map cleanly.
jrhof-wp-3093,Lou Nolin,https://jrhof.org/wp-content/uploads/2026/01/Lou_Nolin_Missing.webp,https://jrhof.org/images/inductees/portrait-pending.svg,person_specific_filename_shared_default,alternate_pending_review_svg,false,false,restore_shared_production_default_missing_image,high,portrait_source=; production_person_specific_missing_filename=true; Astro currently uses portrait-pending.svg; Review remaining source gaps and prior audit notes.
jrhof-wp-3018,Edward Stevens,https://jrhof.org/wp-content/uploads/2026/01/Edward_Stevens.webp,https://jrhof.org/images/inductees/Edward_Stevens.jpg,portrait_candidate,verified_candidate,false,not_applicable,keep_verified_candidate,medium,portrait_source=content/Photos/Edward_Stevens.jpg; production_person_specific_missing_filename=false; Original source files map cleanly.
jrhof-wp-3099,Bill Vincent,https://jrhof.org/wp-content/uploads/2026/01/Bill_Vincent.webp,https://jrhof.org/images/inductees/Bill_Vincent.jpg,portrait_candidate,verified_candidate,false,not_applicable,keep_verified_candidate,medium,portrait_source=content/Photos/Bill_Vincent.jpg; production_person_specific_missing_filename=false; Original source files map cleanly.
jrhof-wp-3030,Frank Zele,https://jrhof.org/wp-content/uploads/2026/01/Frank_Zele_Missing.webp,https://jrhof.org/images/inductees/portrait-pending.svg,person_specific_filename_shared_default,alternate_pending_review_svg,false,false,restore_shared_production_default_missing_image,high,portrait_source=; production_person_specific_missing_filename=true; Astro currently uses portrait-pending.svg; Review remaining source gaps and prior audit notes.
jrhof-wp-2993,Virgil Jester,https://jrhof.org/wp-content/uploads/2026/01/Virgil_Jester.webp,https://jrhof.org/images/inductees/Virgil_Jester.jpg,portrait_candidate,verified_candidate,false,not_applicable,keep_verified_candidate,medium,portrait_source=content/Photos/Virgil_Jester.jpg; production_person_specific_missing_filename=false; Original source files map cleanly.
jrhof-wp-2975,John Wenglass,https://jrhof.org/wp-content/uploads/2026/01/John_Wenglass_Missing.webp,https://jrhof.org/images/inductees/portrait-pending.svg,person_specific_filename_shared_default,alternate_pending_review_svg,false,false,restore_shared_production_default_missing_image,high,portrait_source=; production_person_specific_missing_filename=true; Astro currently uses portrait-pending.svg; Review remaining source gaps and prior audit notes.
jrhof-wp-2980,Joe Bellich,https://jrhof.org/wp-content/uploads/2026/01/Joe_Bellich_Missing.webp,https://jrhof.org/images/inductees/portrait-pending.svg,person_specific_filename_shared_default,alternate_pending_review_svg,false,false,restore_shared_production_default_missing_image,high,portrait_source=; production_person_specific_missing_filename=true; Astro currently uses portrait-pending.svg; Original DOCX is empty; .jpg is the same generic silhouette used for four people and is not a portrait.
jrhof-wp-2972,Manual Boody,https://jrhof.org/wp-content/uploads/2026/01/Manual_Boody.webp,https://jrhof.org/images/inductees/Manual_Boody.jpg,portrait_candidate,verified_candidate,false,not_applicable,keep_verified_candidate,medium,portrait_source=content/Photos/Manual_Boody.jpg; production_person_specific_missing_filename=false; Original source files map cleanly.
jrhof-wp-3019,Mitchell Burns,https://jrhof.org/wp-content/uploads/2026/01/Mitchell_Burns.webp,https://jrhof.org/images/inductees/Mitchell_Burns.jpg,portrait_candidate,verified_candidate,false,not_applicable,keep_verified_candidate,medium,portrait_source=content/Photos/Mitchell_Burns.jpg; production_person_specific_missing_filename=false; Original source files map cleanly.
jrhof-wp-3004,Pete Butler,https://jrhof.org/wp-content/uploads/2026/01/Pete_Butler.webp,https://jrhof.org/images/inductees/Pete_Butler.jpg,portrait_candidate,verified_candidate,false,not_applicable,keep_verified_candidate,medium,portrait_source=content/Photos/Pete_Butler.jpg; production_person_specific_missing_filename=false; Original source files map cleanly.
jrhof-wp-3010,Walt Clay,https://jrhof.org/wp-content/uploads/2026/01/Walt_Clay.webp,https://jrhof.org/images/inductees/Walt_Clay.jpg,portrait_candidate,verified_candidate,false,not_applicable,keep_verified_candidate,high,portrait_source=content/Photos/Walt_Clay.jpg; production_person_specific_missing_filename=false; Control roster and repository say Pre 1990; WordPress extracted 1990. Original bio does not settle the induction-year conflict.
jrhof-wp-3015,Sam Corentino,https://jrhof.org/wp-content/uploads/2026/01/Sam_Corsentino.webp,https://jrhof.org/images/inductees/portrait-pending.svg,portrait_candidate,alternate_pending_review_svg,false,false,restore_shared_production_default_missing_image;human_identity_review,high,portrait_source=; production_person_specific_missing_filename=false; Astro currently uses portrait-pending.svg; Control/repository/live use Corentino; WordPress and source photo use Corsentino. Board should confirm legal/display spelling.
jrhof-wp-3131,Pete DAmato,https://jrhof.org/wp-content/uploads/2026/01/Pete_DAmato.webp,https://jrhof.org/images/inductees/Pete_DAmato.jpg,portrait_candidate,verified_candidate,false,not_applicable,keep_verified_candidate,medium,portrait_source=content/Photos/Pete_DAmato.jpg; production_person_specific_missing_filename=false; Original source files map cleanly.
jrhof-wp-3162,Edmund DHaillecourt,https://jrhof.org/wp-content/uploads/2026/01/Edmund_DHaillecourt_Missing.webp,https://jrhof.org/images/inductees/portrait-pending.svg,person_specific_filename_shared_default,alternate_pending_review_svg,false,false,restore_shared_production_default_missing_image,high,portrait_source=; production_person_specific_missing_filename=true; Astro currently uses portrait-pending.svg; Original DOCX is empty; .jpg is the same generic silhouette used for four people and is not a portrait.
jrhof-wp-3094,Chuck Denney,https://jrhof.org/wp-content/uploads/2026/01/Chuck_Denney.webp,https://jrhof.org/images/inductees/Chuck_Denney.jpg,portrait_candidate,verified_candidate,false,not_applicable,keep_verified_candidate,medium,portrait_source=content/Photos/Chuck_Denney.jpg; production_person_specific_missing_filename=false; Original source files map cleanly.
jrhof-wp-3080,Ervin Douglas,https://jrhof.org/wp-content/uploads/2026/01/Ervin_Douglas_Missing.webp,https://jrhof.org/images/inductees/portrait-pending.svg,person_specific_filename_shared_default,alternate_pending_review_svg,false,false,restore_shared_production_default_missing_image,high,portrait_source=; production_person_specific_missing_filename=true; Astro currently uses portrait-pending.svg; Original DOCX is empty; .jpg is the same generic silhouette used for four people and is not a portrait.
jrhof-wp-3150,Dick Hotton,https://jrhof.org/wp-content/uploads/2026/01/Dick_Hotton_Missing.webp,https://jrhof.org/images/inductees/portrait-pending.svg,person_specific_filename_shared_default,alternate_pending_review_svg,false,false,restore_shared_production_default_missing_image,high,portrait_source=; production_person_specific_missing_filename=true; Astro currently uses portrait-pending.svg; Review remaining source gaps and prior audit notes.
jrhof-wp-3011,David Letofsky,https://jrhof.org/wp-content/uploads/2026/01/David_Letofsky.webp,https://jrhof.org/images/inductees/David_Letofsky.jpg,portrait_candidate,verified_candidate,false,not_applicable,keep_verified_candidate,medium,portrait_source=content/Photos/David_Letofsky.jpg; production_person_specific_missing_filename=false; Original source files map cleanly.
jrhof-wp-3074,Mert Letofsky,https://jrhof.org/wp-content/uploads/2026/01/Mert_Letofsky.webp,https://jrhof.org/images/inductees/Mert_Letofsky.jpg,portrait_candidate,verified_candidate,false,not_applicable,keep_verified_candidate,medium,portrait_source=content/Photos/Mert_Letofsky.jpg; production_person_specific_missing_filename=false; Original source files map cleanly.
jrhof-wp-3024,Melvin Martin,https://jrhof.org/wp-content/uploads/2026/01/Melvin_Martin.webp,https://jrhof.org/images/inductees/Melvin_Martin.jpg,portrait_candidate,verified_candidate,false,not_applicable,keep_verified_candidate,medium,portrait_source=content/Photos/Melvin_Martin.jpg; production_person_specific_missing_filename=false; Original source files map cleanly.
jrhof-wp-3050,Bob Mullerberg,https://jrhof.org/wp-content/uploads/2026/01/Bob_Mullerberg.webp,https://jrhof.org/images/inductees/Bob_Mullerberg.jpg,portrait_candidate,verified_candidate,false,not_applicable,keep_verified_candidate,high,portrait_source=content/Photos/Bob_Mullerberg.jpg; production_person_specific_missing_filename=false; Review remaining source gaps and prior audit notes.
jrhof-wp-3054,H_R Phillips,https://jrhof.org/wp-content/uploads/2026/01/H_R_Phillips.webp,https://jrhof.org/images/inductees/H_R_Phillips.jpg,portrait_candidate,verified_candidate,false,not_applicable,keep_verified_candidate,medium,portrait_source=content/Photos/H_R_Phillips.jpg; production_person_specific_missing_filename=false; Original source files map cleanly.
jrhof-wp-3057,Frank Prentup,https://jrhof.org/wp-content/uploads/2026/01/Frank_Prentup.webp,https://jrhof.org/images/inductees/Frank_Prentup.jpg,portrait_candidate,verified_candidate,false,not_applicable,keep_verified_candidate,medium,portrait_source=content/Photos/Frank_Prentup.jpg; production_person_specific_missing_filename=false; Original source files map cleanly.
jrhof-wp-3141,James Roorda,https://jrhof.org/wp-content/uploads/2026/01/James_Roorda.webp,https://jrhof.org/images/inductees/James_Roorda.jpg,portrait_candidate,verified_candidate,false,not_applicable,keep_verified_candidate,medium,portrait_source=content/Photos/James_Roorda.jpg; production_person_specific_missing_filename=false; Original source files map cleanly.
jrhof-wp-3022,Gene Rozzelle,,https://jrhof.org/images/inductees/Gene_Rozelle.jpg,not_visible_or_unmapped,verified_candidate,false,not_applicable,keep_verified_candidate,high,"portrait_source=content/Photos/Gene_Rozelle.jpg; production_person_specific_missing_filename=false; Control roster spells Rozzelle; repository, WordPress, biography filename, and photo filename use Rozelle. Also absent from live archive."
jrhof-wp-3006,Sal Salazar,https://jrhof.org/wp-content/uploads/2026/01/Sal_Salazar_Missing.webp,https://jrhof.org/images/inductees/portrait-pending.svg,person_specific_filename_shared_default,alternate_pending_review_svg,false,false,restore_shared_production_default_missing_image,high,portrait_source=; production_person_specific_missing_filename=true; Astro currently uses portrait-pending.svg; Review remaining source gaps and prior audit notes.
jrhof-wp-3078,Terry Schiessler,https://jrhof.org/wp-content/uploads/2026/01/Terry_Schiessler.webp,https://jrhof.org/images/inductees/Terry_Schiessler.jpg,portrait_candidate,verified_candidate,false,not_applicable,keep_verified_candidate,medium,portrait_source=content/Photos/Terry_Schiessler.jpg; production_person_specific_missing_filename=false; Original source files map cleanly.
jrhof-wp-3049,Don Shiverdecker,https://jrhof.org/wp-content/uploads/2026/01/Don_Shiverdecker_Missing.webp,https://jrhof.org/images/inductees/portrait-pending.svg,person_specific_filename_shared_default,alternate_pending_review_svg,false,false,restore_shared_production_default_missing_image,high,portrait_source=; production_person_specific_missing_filename=true; Astro currently uses portrait-pending.svg; Review remaining source gaps and prior audit notes.
jrhof-wp-3148,Ron Sisson,https://jrhof.org/wp-content/uploads/2026/01/Ron_Sisson.webp,https://jrhof.org/images/inductees/Ron_Sisson.jpg,portrait_candidate,verified_candidate,false,not_applicable,keep_verified_candidate,medium,portrait_source=content/Photos/Ron_Sisson.jpg; production_person_specific_missing_filename=false; Original source files map cleanly.
jrhof-wp-3135,Lou Spector,https://jrhof.org/wp-content/uploads/2026/01/Lou_Spector_Missing.webp,https://jrhof.org/images/inductees/portrait-pending.svg,person_specific_filename_shared_default,alternate_pending_review_svg,false,false,restore_shared_production_default_missing_image,high,portrait_source=; production_person_specific_missing_filename=true; Astro currently uses portrait-pending.svg; Review remaining source gaps and prior audit notes.
jrhof-wp-2991,Stormy Stucker,https://jrhof.org/wp-content/uploads/2026/01/Stormy_Stucker_Missing.webp,https://jrhof.org/images/inductees/portrait-pending.svg,person_specific_filename_shared_default,alternate_pending_review_svg,false,false,restore_shared_production_default_missing_image,high,portrait_source=; production_person_specific_missing_filename=true; Astro currently uses portrait-pending.svg; Review remaining source gaps and prior audit notes.
jrhof-wp-3143,George Theodore,https://jrhof.org/wp-content/uploads/2026/01/George_Theodore_Missing.webp,https://jrhof.org/images/inductees/portrait-pending.svg,person_specific_filename_shared_default,alternate_pending_review_svg,false,false,restore_shared_production_default_missing_image,high,portrait_source=; production_person_specific_missing_filename=true; Astro currently uses portrait-pending.svg; Review remaining source gaps and prior audit notes.
jrhof-wp-3107,Ed Tracy,https://jrhof.org/wp-content/uploads/2026/01/Ed_Tracy_missing.webp,https://jrhof.org/images/inductees/portrait-pending.svg,person_specific_filename_shared_default,alternate_pending_review_svg,false,false,restore_shared_production_default_missing_image,high,portrait_source=; production_person_specific_missing_filename=true; Astro currently uses portrait-pending.svg; Review remaining source gaps and prior audit notes.
jrhof-wp-2989,Dick Yates,https://jrhof.org/wp-content/uploads/2026/01/Dick_Yates.webp,https://jrhof.org/images/inductees/Dick_Yates.jpg,portrait_candidate,verified_candidate,false,not_applicable,keep_verified_candidate,medium,portrait_source=content/Photos/Dick_Yates.jpg; production_person_specific_missing_filename=false; Original source files map cleanly.
jrhof-wp-3146,Ken Zetner,https://jrhof.org/wp-content/uploads/2026/01/Ken_Zetner_Missing.webp,https://jrhof.org/images/inductees/portrait-pending.svg,person_specific_filename_shared_default,alternate_pending_review_svg,false,false,restore_shared_production_default_missing_image,high,portrait_source=; production_person_specific_missing_filename=true; Astro currently uses portrait-pending.svg; Review remaining source gaps and prior audit notes.
