stable_id,display_name,production_url,astro_url,bio_status,portrait_status,uses_default_missing_image,formatting_status,paragraph_quality,title_class_display_status,review_notice_status,mobile_readability_status,recommended_action,priority,notes
jrhof-wp-2977,Terry Angell,https://jrhof.org/inductees/terry_angell/,https://jrhof.org/inductees/terry_angell/,complete_biography,verified_candidate,false,good,good,pass,source_review_notice_visible,pass_layout,remove_public_source_notice|keep_content_simplify_template,medium,paragraphs=17; words=1018; Original source files map cleanly.
jrhof-wp-3064,George Demetriou,https://jrhof.org/inductees/george_demetriou/,https://jrhof.org/inductees/george_demetriou/,complete_biography,verified_candidate,false,good,good,pass,source_review_notice_visible,pass_layout,remove_public_source_notice|keep_content_simplify_template,medium,paragraphs=14; words=1129; Original source files map cleanly.
jrhof-wp-3101,Fred Zuercher,https://jrhof.org/inductees/fred_zuercher/,https://jrhof.org/inductees/fred_zuercher/,complete_biography,verified_candidate,false,good,good,pass,source_review_notice_visible,pass_layout,remove_public_source_notice|keep_content_simplify_template,medium,paragraphs=18; words=1306; Original source files map cleanly.
jrhof-wp-771,Ray Belfiore,https://jrhof.org/inductees/ray_belfiore/,https://jrhof.org/inductees/ray_belfiore/,complete_biography,verified_candidate,false,good,good,pass,source_review_notice_visible,pass_layout,remove_public_source_notice|keep_content_simplify_template,medium,paragraphs=19; words=459; Original source files map cleanly.
jrhof-wp-1109,Steve Heuer,https://jrhof.org/inductees/steve_heuer/,https://jrhof.org/inductees/steve_heuer/,complete_biography,verified_candidate,false,good,good,pass,source_review_notice_visible,pass_layout,remove_public_source_notice|keep_content_simplify_template,medium,paragraphs=8; words=383; Original source files map cleanly.
jrhof-wp-1142,Terry Reed,https://jrhof.org/inductees/terry_reed/,https://jrhof.org/inductees/terry_reed/,complete_biography,verified_candidate,false,good,good,pass,source_review_notice_visible,pass_layout,remove_public_source_notice|keep_content_simplify_template,medium,paragraphs=12; words=469; Original source files map cleanly.
jrhof-wp-1227,Bert Borgman,https://jrhof.org/inductees/bert_borgmann/,https://jrhof.org/inductees/bert_borgmann/,complete_biography,verified_candidate,false,good,good,pass,board_and_source_review_notices_visible,pass_layout,human_review_before_launch|remove_public_source_notice,high,paragraphs=8; words=319; Original source files map cleanly.
jrhof-wp-1235,Jim Paronto,https://jrhof.org/inductees/jim_paronto/,https://jrhof.org/inductees/jim_paronto/,complete_biography,verified_candidate,false,good,good,pass,source_review_notice_visible,pass_layout,remove_public_source_notice|keep_content_simplify_template,medium,paragraphs=5; words=377; Original source files map cleanly.
jrhof-wp-1237,Tom Robinson,https://jrhof.org/inductees/tom_robinson/,https://jrhof.org/inductees/tom_robinson/,complete_biography,verified_candidate,false,good,good,pass,source_review_notice_visible,pass_layout,remove_public_source_notice|keep_content_simplify_template,medium,paragraphs=10; words=456; Original source files map cleanly.
jrhof-wp-1231,Dan Weikle,https://jrhof.org/inductees/dan_weikle/,https://jrhof.org/inductees/dan_weikle/,complete_biography,verified_candidate,false,likely_paragraph_merge,needs_paragraph_restoration,pass,source_review_notice_visible,readable_but_long_merged_paragraph,restore_paragraph_breaks|remove_public_source_notice,high,paragraphs=1; words=603; Original source files map cleanly.
jrhof-wp-3045,Dave Baker,https://jrhof.org/inductees/dave_baker/,https://jrhof.org/inductees/dave_baker/,complete_biography,verified_candidate,false,good,good,pass,source_review_notice_visible,pass_layout,remove_public_source_notice|keep_content_simplify_template,medium,paragraphs=4; words=217; Original source files map cleanly.
jrhof-wp-3103,Joe Bonacquista,https://jrhof.org/inductees/joe_bonacquista/,https://jrhof.org/inductees/joe_bonacquista/,complete_biography,verified_candidate,false,good,good,pass,source_review_notice_visible,pass_layout,remove_public_source_notice|keep_content_simplify_template,medium,paragraphs=7; words=474; Original source files map cleanly.
jrhof-wp-3082,Joey Borjon,https://jrhof.org/inductees/joey_borjon/,https://jrhof.org/inductees/joey_borjon/,complete_biography,verified_candidate,false,good,good,pass,source_review_notice_visible,pass_layout,remove_public_source_notice|keep_content_simplify_template,medium,paragraphs=6; words=311; Original source files map cleanly.
jrhof-wp-2982,Mike Doohan,https://jrhof.org/inductees/mike_doohan/,https://jrhof.org/inductees/mike_doohan/,complete_biography,verified_candidate,false,good,good,pass,source_review_notice_visible,pass_layout,remove_public_source_notice|keep_content_simplify_template,medium,paragraphs=7; words=657; Original source files map cleanly.
jrhof-wp-3043,Don Hegi,https://jrhof.org/inductees/don_hegi/,https://jrhof.org/inductees/don_hegi/,pending_biography,verified_candidate,false,pending_biography,not_applicable_pending,pass,board_and_source_review_notices_visible,pass_layout,board_review_biography|human_review_before_launch|remove_public_source_notice,high,paragraphs=0; words=0; Review remaining source gaps and prior audit notes.
jrhof-wp-3031,Dan Ringsby,https://jrhof.org/inductees/dan_ringsby/,https://jrhof.org/inductees/dan_ringsby/,pending_biography,verified_candidate,false,pending_biography,not_applicable_pending,pass,board_and_source_review_notices_visible,pass_layout,board_review_biography|human_review_before_launch|remove_public_source_notice,high,paragraphs=0; words=0; Review remaining source gaps and prior audit notes.
jrhof-wp-2981,Neil Devlin,https://jrhof.org/inductees/neil_devlin/,https://jrhof.org/inductees/neil_devlin/,complete_biography,verified_candidate,false,good,good,pass,source_review_notice_visible,pass_layout,remove_public_source_notice|keep_content_simplify_template,medium,paragraphs=7; words=588; Original source files map cleanly.
jrhof-wp-3168,Myran Dunker,https://jrhof.org/inductees/myran_dunker/,https://jrhof.org/inductees/myran_dunker/,complete_biography,verified_candidate,false,good,good,pass,source_review_notice_visible,pass_layout,remove_public_source_notice|keep_content_simplify_template,medium,paragraphs=7; words=432; Original source files map cleanly.
jrhof-wp-3111,Randy Holmen,https://jrhof.org/inductees/randy_holmen/,https://jrhof.org/inductees/randy_holmen/,complete_biography,verified_candidate,false,good,good,pass,source_review_notice_visible,pass_layout,remove_public_source_notice|keep_content_simplify_template,medium,paragraphs=7; words=450; Original source files map cleanly.
jrhof-wp-3063,Tim Kardatzke,https://jrhof.org/inductees/tim_kardatzke/,https://jrhof.org/inductees/tim_kardatzke/,complete_biography,verified_candidate,false,good,good,pass,source_review_notice_visible,pass_layout,remove_public_source_notice|keep_content_simplify_template,medium,paragraphs=6; words=259; Original source files map cleanly.
jrhof-wp-2999,Dennis Smith,https://jrhof.org/inductees/dennis_smith/,https://jrhof.org/inductees/dennis_smith/,complete_biography,verified_candidate,false,good,good,pass,source_review_notice_visible,pass_layout,remove_public_source_notice|keep_content_simplify_template,medium,paragraphs=6; words=366; Original source files map cleanly.
jrhof-wp-3009,Keith Bailey,https://jrhof.org/inductees/keith_bailey/,https://jrhof.org/inductees/keith_bailey/,complete_biography,verified_candidate,false,good,good,pass,source_review_notice_visible,pass_layout,remove_public_source_notice|keep_content_simplify_template,medium,paragraphs=9; words=980; Original source files map cleanly.
jrhof-wp-3109,Doug Graham,https://jrhof.org/inductees/doug_graham/,https://jrhof.org/inductees/doug_graham/,complete_biography,verified_candidate,false,good,good,pass,source_review_notice_visible,pass_layout,remove_public_source_notice|keep_content_simplify_template,medium,paragraphs=4; words=253; Original source files map cleanly.
jrhof-wp-3013,Dick Reininger,https://jrhof.org/inductees/richard_reininger/,https://jrhof.org/inductees/richard_reininger/,complete_biography,verified_candidate,false,good,good,pass,source_review_notice_visible,pass_layout,remove_public_source_notice|keep_content_simplify_template,medium,paragraphs=7; words=305; Original source files map cleanly.
jrhof-wp-3044,Lee Rosa,https://jrhof.org/inductees/lee_rosa/,https://jrhof.org/inductees/lee_rosa/,complete_biography,verified_candidate,false,good,good,pass,source_review_notice_visible,pass_layout,remove_public_source_notice|keep_content_simplify_template,medium,paragraphs=6; words=400; Original source files map cleanly.
jrhof-wp-2990,Paul Babkiewich,https://jrhof.org/inductees/paul_babkiewich/,https://jrhof.org/inductees/paul_babkiewich/,complete_biography,verified_candidate,false,good,good,pass,source_review_notice_visible,pass_layout,remove_public_source_notice|keep_content_simplify_template,medium,paragraphs=8; words=516; Original source files map cleanly.
jrhof-wp-3062,Ross Barlow,https://jrhof.org/inductees/ross_barlow/,https://jrhof.org/inductees/ross_barlow/,complete_biography,verified_candidate,false,good,good,pass,source_review_notice_visible,pass_layout,remove_public_source_notice|keep_content_simplify_template,medium,paragraphs=12; words=469; Original source files map cleanly.
jrhof-wp-3116,Terry Garvey,https://jrhof.org/inductees/terry_garvey/,https://jrhof.org/inductees/terry_garvey/,complete_biography,alternate_pending_review_svg,false,good,good,pass,board_and_source_review_notices_visible,pass_layout,restore_production_default_missing_image|human_review_before_launch|remove_public_source_notice,high,paragraphs=9; words=809; Astro uses portrait-pending.svg; production-familiar default should be restored; Original biography says Terry; source photo is named Ray_Garvey.jpg. Terry/Ray identity remains blocked.
jrhof-wp-3055,Dan Cholas,https://jrhof.org/inductees/dan_cholas/,https://jrhof.org/inductees/dan_cholas/,complete_biography,verified_candidate,false,good,good,pass,source_review_notice_visible,pass_layout,remove_public_source_notice|keep_content_simplify_template,medium,paragraphs=7; words=630; Original source files map cleanly.
jrhof-wp-3088,Mark Denzin,https://jrhof.org/inductees/mark_denzin/,https://jrhof.org/inductees/mark_denzin/,complete_biography,verified_candidate,false,good,good,pass,source_review_notice_visible,pass_layout,remove_public_source_notice|keep_content_simplify_template,medium,paragraphs=8; words=699; Original source files map cleanly.
jrhof-wp-3017,Don Stengel,https://jrhof.org/inductees/don_stengel/,https://jrhof.org/inductees/don_stengel/,complete_biography,verified_candidate,false,good,good,pass,source_review_notice_visible,pass_layout,remove_public_source_notice|keep_content_simplify_template,medium,paragraphs=6; words=403; Original source files map cleanly.
jrhof-wp-3065,Bob Jones,https://jrhof.org/inductees/bob_jones/,https://jrhof.org/inductees/bob_jones/,complete_biography,verified_candidate,false,good,good,pass,source_review_notice_visible,pass_layout,remove_public_source_notice|keep_content_simplify_template,medium,paragraphs=8; words=636; Original source files map cleanly.
jrhof-wp-3014,Ed OConnor,https://jrhof.org/inductees/ed_oconnor/,https://jrhof.org/inductees/ed_oconnor/,complete_biography,verified_candidate,false,good,good,pass,source_review_notice_visible,pass_layout,remove_public_source_notice|keep_content_simplify_template,medium,paragraphs=13; words=454; Original source files map cleanly.
jrhof-wp-3021,Tom Smith,https://jrhof.org/inductees/tom_smith/,https://jrhof.org/inductees/tom_smith/,complete_biography,verified_candidate,false,good,good,pass,source_review_notice_visible,pass_layout,remove_public_source_notice|keep_content_simplify_template,medium,paragraphs=12; words=1158; Original source files map cleanly.
jrhof-wp-2986,Bruce Grigsby,https://jrhof.org/inductees/bruce_grigsby/,https://jrhof.org/inductees/bruce_grigsby/,complete_biography,verified_candidate,false,good,good,pass,source_review_notice_visible,pass_layout,remove_public_source_notice|keep_content_simplify_template,medium,paragraphs=8; words=557; Original source files map cleanly.
jrhof-wp-3095,Leonard Varriano,https://jrhof.org/inductees/leonard_varriano/,https://jrhof.org/inductees/leonard_varriano/,complete_biography,verified_candidate,false,good,good,pass,source_review_notice_visible,pass_layout,remove_public_source_notice|keep_content_simplify_template,medium,paragraphs=7; words=416; Original source files map cleanly.
jrhof-wp-2974,John Walsh,https://jrhof.org/inductees/john_walsh/,https://jrhof.org/inductees/john_walsh/,complete_biography,verified_candidate,false,good,good,pass,source_review_notice_visible,pass_layout,remove_public_source_notice|keep_content_simplify_template,medium,paragraphs=8; words=455; Original source files map cleanly.
jrhof-wp-2992,Bruce Bradshaw,https://jrhof.org/inductees/bruce_bradshaw/,https://jrhof.org/inductees/bruce_bradshaw/,complete_biography,verified_candidate,false,good,good,pass,source_review_notice_visible,pass_layout,remove_public_source_notice|keep_content_simplify_template,medium,paragraphs=9; words=446; Original source files map cleanly.
jrhof-wp-3140,Dave Schmidt,https://jrhof.org/inductees/dave_schmidt/,https://jrhof.org/inductees/dave_schmidt/,complete_biography,verified_candidate,false,good,good,pass,source_review_notice_visible,pass_layout,remove_public_source_notice|keep_content_simplify_template,medium,paragraphs=11; words=467; Original non-empty biography and person-specific .jpg resolve the prior source uncertainty; a Missing placeholder duplicate should be ignored.
jrhof-wp-2970,Jack Smith,https://jrhof.org/inductees/jack_smith/,https://jrhof.org/inductees/jack_smith/,complete_biography,verified_candidate,false,good,good,pass,source_review_notice_visible,pass_layout,remove_public_source_notice|keep_content_simplify_template,medium,paragraphs=7; words=420; Original source files map cleanly.
jrhof-wp-3157,Fritz Johnstone,https://jrhof.org/inductees/fritz_johnstone/,https://jrhof.org/inductees/fritz_johnstone/,complete_biography,verified_candidate,false,good,good,pass,source_review_notice_visible,pass_layout,remove_public_source_notice|keep_content_simplify_template,medium,paragraphs=8; words=460; Original source files map cleanly.
jrhof-wp-2994,Richard Mauro,https://jrhof.org/inductees/richard_mauro/,https://jrhof.org/inductees/richard_mauro/,complete_biography,verified_candidate,false,good,good,pass,source_review_notice_visible,pass_layout,remove_public_source_notice|keep_content_simplify_template,medium,paragraphs=8; words=427; Original source files map cleanly.
jrhof-wp-3076,Robert Schnabel,https://jrhof.org/inductees/robert_schnabel/,https://jrhof.org/inductees/robert_schnabel/,complete_biography,verified_candidate,false,likely_paragraph_merge,needs_paragraph_restoration,pass,source_review_notice_visible,readable_but_long_merged_paragraph,restore_paragraph_breaks|remove_public_source_notice,high,paragraphs=1; words=114; Correct 2010 Robert Schnabel biography and person-specific portrait are present in original sources. WordPress/live biography is explicitly excluded.
jrhof-wp-2987,Mike Brady,https://jrhof.org/inductees/mike_brady/,https://jrhof.org/inductees/mike_brady/,complete_biography,verified_candidate,false,good,good,pass,source_review_notice_visible,pass_layout,remove_public_source_notice|keep_content_simplify_template,medium,paragraphs=7; words=512; Original source files map cleanly.
jrhof-wp-3125,Irv Brown,https://jrhof.org/inductees/irv_brown/,https://jrhof.org/inductees/irv_brown/,complete_biography,verified_candidate,false,good,good,pass,source_review_notice_visible,pass_layout,remove_public_source_notice|keep_content_simplify_template,medium,paragraphs=10; words=775; Original source files map cleanly.
jrhof-wp-3070,Frank DeAngelis,https://jrhof.org/inductees/frank_deangelis/,https://jrhof.org/inductees/frank_deangelis/,complete_biography,verified_candidate,false,good,good,pass,source_review_notice_visible,pass_layout,remove_public_source_notice|keep_content_simplify_template,medium,paragraphs=31; words=828; Original source files map cleanly.
jrhof-wp-2973,Thomas Severtson,https://jrhof.org/inductees/thomas_severtson/,https://jrhof.org/inductees/thomas_severtson/,complete_biography,verified_candidate,false,good,good,pass,source_review_notice_visible,pass_layout,remove_public_source_notice|keep_content_simplify_template,medium,paragraphs=7; words=428; Original source files map cleanly.
jrhof-wp-3066,Robert Campbell,https://jrhof.org/inductees/robert_campbell/,https://jrhof.org/inductees/robert_campbell/,complete_biography,verified_candidate,false,good,good,pass,source_review_notice_visible,pass_layout,remove_public_source_notice|keep_content_simplify_template,medium,paragraphs=8; words=1159; Original source files map cleanly.
jrhof-wp-3046,Rich Czernicki,https://jrhof.org/inductees/rich_czernicki/,https://jrhof.org/inductees/rich_czernicki/,complete_biography,verified_candidate,false,good,good,pass,source_review_notice_visible,pass_layout,remove_public_source_notice|keep_content_simplify_template,medium,paragraphs=8; words=739; Original source files map cleanly.
jrhof-wp-3000,Arny Karraker,https://jrhof.org/inductees/arny_karraker/,https://jrhof.org/inductees/arny_karraker/,complete_biography,verified_candidate,false,good,good,pass,source_review_notice_visible,pass_layout,remove_public_source_notice|keep_content_simplify_template,medium,paragraphs=7; words=281; Original source files map cleanly.
jrhof-wp-3026,Ernie Ortiz,https://jrhof.org/inductees/ernie_ortiz/,https://jrhof.org/inductees/ernie_ortiz/,complete_biography,verified_candidate,false,good,good,pass,source_review_notice_visible,pass_layout,remove_public_source_notice|keep_content_simplify_template,medium,paragraphs=7; words=626; Original source files map cleanly.
jrhof-wp-3035,"Carl Zele, Jr",https://jrhof.org/inductees/carl_zele_jr/,https://jrhof.org/inductees/carl_zele_jr/,complete_biography,verified_candidate,false,good,good,pass,source_review_notice_visible,pass_layout,remove_public_source_notice|keep_content_simplify_template,medium,paragraphs=7; words=664; Original source files map cleanly.
jrhof-wp-3170,Robert Blaser,https://jrhof.org/inductees/robert_blaser/,https://jrhof.org/inductees/robert_blaser/,complete_biography,verified_candidate,false,good,good,pass,source_review_notice_visible,pass_layout,remove_public_source_notice|keep_content_simplify_template,medium,paragraphs=7; words=623; Original source files map cleanly.
jrhof-wp-3121,Richard Fanning,https://jrhof.org/inductees/richard_fanning/,https://jrhof.org/inductees/richard_fanning/,complete_biography,verified_candidate,false,good,good,pass,source_review_notice_visible,pass_layout,remove_public_source_notice|keep_content_simplify_template,medium,paragraphs=8; words=862; Original source files map cleanly.
jrhof-wp-3166,Don Carlsen,https://jrhof.org/inductees/don_carlsen/,https://jrhof.org/inductees/don_carlsen/,complete_biography,verified_candidate,false,good,good,pass,source_review_notice_visible,pass_layout,remove_public_source_notice|keep_content_simplify_template,medium,paragraphs=7; words=639; Original source files map cleanly.
jrhof-wp-3158,Ernie Kozacek,https://jrhof.org/inductees/ernie_kozacek/,https://jrhof.org/inductees/ernie_kozacek/,complete_biography,verified_candidate,false,good,good,pass,source_review_notice_visible,pass_layout,remove_public_source_notice|keep_content_simplify_template,medium,paragraphs=7; words=380; Original source files map cleanly.
jrhof-wp-3089,Joseph Massaro,https://jrhof.org/inductees/joseph_massaro/,https://jrhof.org/inductees/joseph_massaro/,complete_biography,verified_candidate,false,good,good,pass,source_review_notice_visible,pass_layout,remove_public_source_notice|keep_content_simplify_template,medium,paragraphs=8; words=801; Original source files map cleanly.
jrhof-wp-3058,Bob Ottewill,https://jrhof.org/inductees/bob_ottewill/,https://jrhof.org/inductees/bob_ottewill/,complete_biography,verified_candidate,false,good,good,pass,source_review_notice_visible,pass_layout,remove_public_source_notice|keep_content_simplify_template,medium,paragraphs=7; words=550; Original source files map cleanly.
jrhof-wp-3032,Bob Meisner,https://jrhof.org/inductees/bob_meisner/,https://jrhof.org/inductees/bob_meisner/,complete_biography,verified_candidate,false,good,good,pass,source_review_notice_visible,pass_layout,remove_public_source_notice|keep_content_simplify_template,medium,paragraphs=7; words=683; Original source files map cleanly.
jrhof-wp-3033,Al Raglin,https://jrhof.org/inductees/al_raglin/,https://jrhof.org/inductees/al_raglin/,complete_biography,verified_candidate,false,good,good,pass,source_review_notice_visible,pass_layout,remove_public_source_notice|keep_content_simplify_template,medium,paragraphs=5; words=228; Original source files map cleanly.
jrhof-wp-3029,Jim Schaefer,https://jrhof.org/inductees/jim_schaefer/,https://jrhof.org/inductees/jim_schaefer/,complete_biography,verified_candidate,false,good,good,pass,source_review_notice_visible,pass_layout,remove_public_source_notice|keep_content_simplify_template,medium,paragraphs=8; words=803; Original source files map cleanly.
jrhof-wp-3152,Bud Schoepflin,https://jrhof.org/inductees/bud_schoepflin/,https://jrhof.org/inductees/bud_schoepflin/,complete_biography,verified_candidate,false,good,good,pass,source_review_notice_visible,pass_layout,remove_public_source_notice|keep_content_simplify_template,medium,paragraphs=8; words=685; Original source files map cleanly.
jrhof-wp-3005,Gary Baker,https://jrhof.org/inductees/gary_baker/,https://jrhof.org/inductees/gary_baker/,complete_biography,verified_candidate,false,good,good,pass,source_review_notice_visible,pass_layout,remove_public_source_notice|keep_content_simplify_template,medium,paragraphs=7; words=366; Original source files map cleanly.
jrhof-wp-3097,Ross MacAskill,https://jrhof.org/inductees/ross_macaskill/,https://jrhof.org/inductees/ross_macaskill/,complete_biography,verified_candidate,false,good,good,pass,source_review_notice_visible,pass_layout,remove_public_source_notice|keep_content_simplify_template,medium,paragraphs=7; words=494; Original source files map cleanly.
jrhof-wp-3160,Gordon Cooper,https://jrhof.org/inductees/gordon_cooper/,https://jrhof.org/inductees/gordon_cooper/,complete_biography,verified_candidate,false,good,good,pass,source_review_notice_visible,pass_layout,remove_public_source_notice|keep_content_simplify_template,medium,paragraphs=7; words=571; Original source files map cleanly.
jrhof-wp-3127,Pat Haggerty,https://jrhof.org/inductees/pat_haggerty/,https://jrhof.org/inductees/pat_haggerty/,complete_biography,verified_candidate,false,good,good,pass,source_review_notice_visible,pass_layout,remove_public_source_notice|keep_content_simplify_template,medium,paragraphs=7; words=507; Original source files map cleanly.
jrhof-wp-3051,Jim Jenkins,https://jrhof.org/inductees/jim_jenkins/,https://jrhof.org/inductees/jim_jenkins/,complete_biography,verified_candidate,false,good,good,pass,source_review_notice_visible,pass_layout,remove_public_source_notice|keep_content_simplify_template,medium,paragraphs=7; words=510; Original source files map cleanly.
jrhof-wp-3037,Ron Piotraschke,https://jrhof.org/inductees/ron_piotraschke/,https://jrhof.org/inductees/ron_piotraschke/,complete_biography,verified_candidate,false,good,good,pass,source_review_notice_visible,pass_layout,remove_public_source_notice|keep_content_simplify_template,medium,paragraphs=8; words=533; Original source files map cleanly.
jrhof-wp-3056,Raymond Powe,https://jrhof.org/inductees/raymond_powe/,https://jrhof.org/inductees/raymond_powe/,complete_biography,verified_candidate,false,good,good,pass,source_review_notice_visible,pass_layout,remove_public_source_notice|keep_content_simplify_template,medium,paragraphs=7; words=388; Original source files map cleanly.
jrhof-wp-3091,Richard Chandler,https://jrhof.org/inductees/richard_chandler/,https://jrhof.org/inductees/richard_chandler/,complete_biography,verified_candidate,false,good,good,pass,source_review_notice_visible,pass_layout,remove_public_source_notice|keep_content_simplify_template,medium,paragraphs=8; words=688; Original source files map cleanly.
jrhof-wp-3023,Richard Hawkins,https://jrhof.org/inductees/richard_hawkins/,https://jrhof.org/inductees/richard_hawkins/,complete_biography,verified_candidate,false,good,good,pass,source_review_notice_visible,pass_layout,remove_public_source_notice|keep_content_simplify_template,medium,paragraphs=8; words=1004; Original source files map cleanly.
jrhof-wp-3129,Chris Dittman,https://jrhof.org/inductees/chris_dittman/,https://jrhof.org/inductees/chris_dittman/,complete_biography,verified_candidate,false,good,good,pass,source_review_notice_visible,pass_layout,remove_public_source_notice|keep_content_simplify_template,medium,paragraphs=7; words=599; Original source files map cleanly.
jrhof-wp-3001,Leroy Garzonio,https://jrhof.org/inductees/leroy_garzonio/,https://jrhof.org/inductees/leroy_garzonio/,complete_biography,alternate_pending_review_svg,false,good,good,pass,source_review_notice_visible,pass_layout,restore_production_default_missing_image|remove_public_source_notice,high,paragraphs=7; words=671; Astro uses portrait-pending.svg; production-familiar default should be restored; Review remaining source gaps and prior audit notes.
jrhof-wp-3002,Frank Messenger,https://jrhof.org/inductees/frank_messenger/,https://jrhof.org/inductees/frank_messenger/,complete_biography,verified_candidate,false,good,good,pass,source_review_notice_visible,pass_layout,remove_public_source_notice|keep_content_simplify_template,medium,paragraphs=8; words=635; Original source files map cleanly.
jrhof-wp-3104,Del Petersen,https://jrhof.org/inductees/del_petersen/,https://jrhof.org/inductees/del_petersen/,pending_biography,alternate_pending_review_svg,false,pending_biography,not_applicable_pending,pass,board_and_source_review_notices_visible,pass_layout,board_review_biography|restore_production_default_missing_image|human_review_before_launch|remove_public_source_notice,high,paragraphs=0; words=0; Astro uses portrait-pending.svg; production-familiar default should be restored; Review remaining source gaps and prior audit notes.
jrhof-wp-3039,Bob Ferguson,https://jrhof.org/inductees/bob_ferguson/,https://jrhof.org/inductees/bob_ferguson/,complete_biography,alternate_pending_review_svg,false,good,good,pass,source_review_notice_visible,pass_layout,restore_production_default_missing_image|remove_public_source_notice,high,paragraphs=7; words=420; Astro uses portrait-pending.svg; production-familiar default should be restored; Review remaining source gaps and prior audit notes.
jrhof-wp-3025,Bill Lind,https://jrhof.org/inductees/bill_lind/,https://jrhof.org/inductees/bill_lind/,complete_biography,alternate_pending_review_svg,false,good,good,pass,source_review_notice_visible,pass_layout,restore_production_default_missing_image|remove_public_source_notice,high,paragraphs=7; words=331; Astro uses portrait-pending.svg; production-familiar default should be restored; Review remaining source gaps and prior audit notes.
jrhof-wp-3072,Steve Usecheck,https://jrhof.org/inductees/steve_usecheck/,https://jrhof.org/inductees/steve_usecheck/,complete_biography,verified_candidate,false,good,good,pass,board_and_source_review_notices_visible,pass_layout,human_review_before_launch|remove_public_source_notice,high,"paragraphs=8; words=555; Original biography text uses Steve Usechek, Jr.; control roster uses Steve Usecheck. Confirm preferred spelling/suffix."
jrhof-wp-3027,Ken Furman,https://jrhof.org/inductees/ken_furman/,https://jrhof.org/inductees/ken_furman/,complete_biography,verified_candidate,false,good,good,pass,source_review_notice_visible,pass_layout,remove_public_source_notice|keep_content_simplify_template,medium,paragraphs=8; words=708; Original source files map cleanly.
jrhof-wp-3012,Joe Maciel,https://jrhof.org/inductees/joe_maciel/,https://jrhof.org/inductees/joe_maciel/,complete_biography,alternate_pending_review_svg,false,good,good,pass,source_review_notice_visible,pass_layout,restore_production_default_missing_image|remove_public_source_notice,high,paragraphs=7; words=345; Astro uses portrait-pending.svg; production-familiar default should be restored; Review remaining source gaps and prior audit notes.
jrhof-wp-2971,Howard Dunbar,https://jrhof.org/inductees/howard_dunbar/,https://jrhof.org/inductees/howard_dunbar/,complete_biography,alternate_pending_review_svg,false,good,good,pass,source_review_notice_visible,pass_layout,restore_production_default_missing_image|remove_public_source_notice,high,paragraphs=7; words=416; Astro uses portrait-pending.svg; production-familiar default should be restored; Review remaining source gaps and prior audit notes.
jrhof-wp-2996,Cliff Hendrick,https://jrhof.org/inductees/cliff_hendrick/,https://jrhof.org/inductees/cliff_hendrick/,complete_biography,verified_candidate,false,good,good,pass,source_review_notice_visible,pass_layout,remove_public_source_notice|keep_content_simplify_template,medium,paragraphs=7; words=466; Original source files map cleanly.
jrhof-wp-3067,Ed Underwood,https://jrhof.org/inductees/ed_underwood/,https://jrhof.org/inductees/ed_underwood/,complete_biography,verified_candidate,false,good,good,pass,source_review_notice_visible,pass_layout,remove_public_source_notice|keep_content_simplify_template,medium,paragraphs=7; words=408; Original source files map cleanly.
jrhof-wp-3008,Howard Wentz,https://jrhof.org/inductees/howard_wentz/,https://jrhof.org/inductees/howard_wentz/,complete_biography,verified_candidate,false,good,good,pass,source_review_notice_visible,pass_layout,remove_public_source_notice|keep_content_simplify_template,medium,paragraphs=6; words=434; Original source files map cleanly.
jrhof-wp-2983,Bud Best,https://jrhof.org/inductees/bud_best/,https://jrhof.org/inductees/bud_best/,complete_biography,verified_candidate,false,good,good,pass,source_review_notice_visible,pass_layout,remove_public_source_notice|keep_content_simplify_template,medium,paragraphs=7; words=418; Original source files map cleanly.
jrhof-wp-3133,Jim Dorsey,https://jrhof.org/inductees/jim_dorsey/,https://jrhof.org/inductees/jim_dorsey/,complete_biography,verified_candidate,false,good,good,pass,source_review_notice_visible,pass_layout,remove_public_source_notice|keep_content_simplify_template,medium,paragraphs=7; words=253; Original source files map cleanly.
jrhof-wp-3040,Tom Freed,https://jrhof.org/inductees/tom_freed/,https://jrhof.org/inductees/tom_freed/,complete_biography,alternate_pending_review_svg,false,good,good,pass,source_review_notice_visible,pass_layout,restore_production_default_missing_image|remove_public_source_notice,high,paragraphs=7; words=337; Astro uses portrait-pending.svg; production-familiar default should be restored; Review remaining source gaps and prior audit notes.
jrhof-wp-1120,Joe Rossi,https://jrhof.org/inductees/joe-rossi/,https://jrhof.org/inductees/joe-rossi/,complete_biography,verified_candidate,false,good,good,pass,source_review_notice_visible,pass_layout,remove_public_source_notice|keep_content_simplify_template,medium,paragraphs=7; words=271; Original source files map cleanly.
jrhof-wp-3061,Don Cimaglia,https://jrhof.org/inductees/don_cimaglia/,https://jrhof.org/inductees/don_cimaglia/,pending_biography,alternate_pending_review_svg,false,pending_biography,not_applicable_pending,pass,board_and_source_review_notices_visible,pass_layout,board_review_biography|restore_production_default_missing_image|human_review_before_launch|remove_public_source_notice,high,paragraphs=0; words=0; Astro uses portrait-pending.svg; production-familiar default should be restored; Original DOCX is empty; .jpg is the same generic silhouette used for four people and is not a portrait.
jrhof-wp-3164,Sid Peretti,https://jrhof.org/inductees/sid_peretti/,https://jrhof.org/inductees/sid_peretti/,pending_biography,alternate_pending_review_svg,false,pending_biography,not_applicable_pending,pass,board_and_source_review_notices_visible,pass_layout,board_review_biography|restore_production_default_missing_image|human_review_before_launch|remove_public_source_notice,high,paragraphs=0; words=0; Astro uses portrait-pending.svg; production-familiar default should be restored; Review remaining source gaps and prior audit notes.
jrhof-wp-3144,Bob Westhoff,https://jrhof.org/inductees/bob_westhoff/,https://jrhof.org/inductees/bob_westhoff/,pending_biography,alternate_pending_review_svg,false,pending_biography,not_applicable_pending,pass,board_and_source_review_notices_visible,pass_layout,board_review_biography|restore_production_default_missing_image|human_review_before_launch|remove_public_source_notice,high,paragraphs=0; words=0; Astro uses portrait-pending.svg; production-familiar default should be restored; Review remaining source gaps and prior audit notes.
jrhof-wp-3028,Wiley Chance,https://jrhof.org/inductees/wiley_chance/,https://jrhof.org/inductees/wiley_chance/,pending_biography,alternate_pending_review_svg,false,pending_biography,not_applicable_pending,pass,board_and_source_review_notices_visible,pass_layout,board_review_biography|restore_production_default_missing_image|human_review_before_launch|remove_public_source_notice,high,paragraphs=0; words=0; Astro uses portrait-pending.svg; production-familiar default should be restored; Original DOCX is empty and only a Missing placeholder photo exists.
jrhof-wp-2995,Vic Damon,https://jrhof.org/inductees/vic_damon/,https://jrhof.org/inductees/vic_damon/,pending_biography,alternate_pending_review_svg,false,pending_biography,not_applicable_pending,pass,board_and_source_review_notices_visible,pass_layout,board_review_biography|restore_production_default_missing_image|human_review_before_launch|remove_public_source_notice,high,paragraphs=0; words=0; Astro uses portrait-pending.svg; production-familiar default should be restored; Review remaining source gaps and prior audit notes.
jrhof-wp-3007,Jim Darden,https://jrhof.org/inductees/jim_darden/,https://jrhof.org/inductees/jim_darden/,complete_biography,verified_candidate,false,good,good,pass,source_review_notice_visible,pass_layout,remove_public_source_notice|keep_content_simplify_template,medium,paragraphs=8; words=731; Original source files map cleanly.
jrhof-wp-2984,Lou Nedbalski,https://jrhof.org/inductees/lou_nedbalski/,https://jrhof.org/inductees/lou_nedbalski/,complete_biography,verified_candidate,false,good,good,pass,source_review_notice_visible,pass_layout,remove_public_source_notice|keep_content_simplify_template,medium,paragraphs=7; words=857; Original source files map cleanly.
jrhof-wp-3068,Dick Cartin,https://jrhof.org/inductees/dick_cartin/,https://jrhof.org/inductees/dick_cartin/,complete_biography,verified_candidate,false,good,good,pass,source_review_notice_visible,pass_layout,remove_public_source_notice|keep_content_simplify_template,medium,paragraphs=7; words=433; Original source files map cleanly.
jrhof-wp-3053,Ernest Cavalieri,https://jrhof.org/inductees/ernest_cavalieri/,https://jrhof.org/inductees/ernest_cavalieri/,pending_biography,alternate_pending_review_svg,false,pending_biography,not_applicable_pending,pass,board_and_source_review_notices_visible,pass_layout,board_review_biography|restore_production_default_missing_image|human_review_before_launch|remove_public_source_notice,high,paragraphs=0; words=0; Astro uses portrait-pending.svg; production-familiar default should be restored; Review remaining source gaps and prior audit notes.
jrhof-wp-3042,Roger Kinney,https://jrhof.org/inductees/roger_kinney/,https://jrhof.org/inductees/roger_kinney/,complete_biography,verified_candidate,false,good,good,pass,source_review_notice_visible,pass_layout,remove_public_source_notice|keep_content_simplify_template,medium,paragraphs=7; words=824; Original source files map cleanly.
jrhof-wp-3117,Nick Vitale,https://jrhof.org/inductees/nick_vitale/,https://jrhof.org/inductees/nick_vitale/,pending_biography,alternate_pending_review_svg,false,pending_biography,not_applicable_pending,pass,board_and_source_review_notices_visible,pass_layout,board_review_biography|restore_production_default_missing_image|human_review_before_launch|remove_public_source_notice,high,paragraphs=0; words=0; Astro uses portrait-pending.svg; production-familiar default should be restored; Review remaining source gaps and prior audit notes.
jrhof-wp-3059,Joe Brooks,https://jrhof.org/inductees/joe_brooks/,https://jrhof.org/inductees/joe_brooks/,pending_biography,alternate_pending_review_svg,false,pending_biography,not_applicable_pending,pass,board_and_source_review_notices_visible,pass_layout,board_review_biography|restore_production_default_missing_image|human_review_before_launch|remove_public_source_notice,high,paragraphs=0; words=0; Astro uses portrait-pending.svg; production-familiar default should be restored; Review remaining source gaps and prior audit notes.
jrhof-wp-2998,Charlie Chainhalt,https://jrhof.org/inductees/charlie_chainhalt/,https://jrhof.org/inductees/charlie_chainhalt/,complete_biography,verified_candidate,false,good,good,pass,source_review_notice_visible,pass_layout,remove_public_source_notice|keep_content_simplify_template,medium,paragraphs=7; words=426; Original source files map cleanly.
jrhof-wp-3048,John DeSiato,https://jrhof.org/inductees/john_desiato/,https://jrhof.org/inductees/john_desiato/,complete_biography,verified_candidate,false,good,good,pass,source_review_notice_visible,pass_layout,remove_public_source_notice|keep_content_simplify_template,medium,paragraphs=7; words=455; Original source files map cleanly.
jrhof-wp-3112,Francis Ford,https://jrhof.org/inductees/francis_ford/,https://jrhof.org/inductees/francis_ford/,pending_biography,alternate_pending_review_svg,false,pending_biography,not_applicable_pending,pass,board_and_source_review_notices_visible,pass_layout,board_review_biography|restore_production_default_missing_image|human_review_before_launch|remove_public_source_notice,high,paragraphs=0; words=0; Astro uses portrait-pending.svg; production-familiar default should be restored; Review remaining source gaps and prior audit notes.
jrhof-wp-2997,Mike Kronkright,https://jrhof.org/inductees/mike_kronkright/,https://jrhof.org/inductees/mike_kronkright/,complete_biography,verified_candidate,false,good,good,pass,source_review_notice_visible,pass_layout,remove_public_source_notice|keep_content_simplify_template,medium,"paragraphs=8; words=803; Control CSV Image says David_Kronkright.jpg, but original source contains Mike_Kronkright.jpg; use the person-specific source filename after review."
jrhof-wp-3114,Harry Wise,https://jrhof.org/inductees/harry_wise/,https://jrhof.org/inductees/harry_wise/,complete_biography,verified_candidate,false,good,good,pass,source_review_notice_visible,pass_layout,remove_public_source_notice|keep_content_simplify_template,medium,paragraphs=8; words=541; Original source files map cleanly.
jrhof-wp-2969,Bill Fanning,https://jrhof.org/inductees/william_bill_fanning/,https://jrhof.org/inductees/william_bill_fanning/,complete_biography,verified_candidate,false,good,good,pass,source_review_notice_visible,pass_layout,remove_public_source_notice|keep_content_simplify_template,medium,paragraphs=14; words=480; Original source files map cleanly.
jrhof-wp-2978,Bill Helman,https://jrhof.org/inductees/bill_helman/,https://jrhof.org/inductees/bill_helman/,complete_biography,verified_candidate,false,good,good,pass,source_review_notice_visible,pass_layout,remove_public_source_notice|keep_content_simplify_template,medium,paragraphs=7; words=547; Original source files map cleanly.
jrhof-wp-3020,Mark Junge,https://jrhof.org/inductees/mark_junge/,https://jrhof.org/inductees/mark_junge/,pending_biography,alternate_pending_review_svg,false,pending_biography,not_applicable_pending,pass,board_and_source_review_notices_visible,pass_layout,board_review_biography|restore_production_default_missing_image|human_review_before_launch|remove_public_source_notice,high,paragraphs=0; words=0; Astro uses portrait-pending.svg; production-familiar default should be restored; Review remaining source gaps and prior audit notes.
jrhof-wp-3041,Willie White,https://jrhof.org/inductees/willie_white/,https://jrhof.org/inductees/willie_white/,complete_biography,verified_candidate,false,good,good,pass,source_review_notice_visible,pass_layout,remove_public_source_notice|keep_content_simplify_template,medium,paragraphs=8; words=403; Original source files map cleanly.
jrhof-wp-3034,Art Wollenweber,https://jrhof.org/inductees/art_wollenweber/,https://jrhof.org/inductees/art_wollenweber/,complete_biography,verified_candidate,false,good,good,pass,source_review_notice_visible,pass_layout,remove_public_source_notice|keep_content_simplify_template,medium,paragraphs=7; words=365; Original source files map cleanly.
jrhof-wp-2988,Leo Bahl,https://jrhof.org/inductees/leo_bahl/,https://jrhof.org/inductees/leo_bahl/,complete_biography,verified_candidate,false,good,good,pass,source_review_notice_visible,pass_layout,remove_public_source_notice|keep_content_simplify_template,medium,paragraphs=2; words=492; Original source files map cleanly.
jrhof-wp-3106,Gene Bunnelle,https://jrhof.org/inductees/gene_bunnelle/,https://jrhof.org/inductees/gene_bunnelle/,complete_biography,verified_candidate,false,good,good,pass,source_review_notice_visible,pass_layout,remove_public_source_notice|keep_content_simplify_template,medium,paragraphs=7; words=429; Original source files map cleanly.
jrhof-wp-2985,Julius Carabello,https://jrhof.org/inductees/julius_carabello/,https://jrhof.org/inductees/julius_carabello/,complete_biography,verified_candidate,false,likely_paragraph_merge,needs_paragraph_restoration,pass,source_review_notice_visible,readable_but_long_merged_paragraph,restore_paragraph_breaks|remove_public_source_notice,high,paragraphs=1; words=584; Original source files map cleanly.
jrhof-wp-3086,Warren Kettner,https://jrhof.org/inductees/warren_kettner/,https://jrhof.org/inductees/warren_kettner/,complete_biography,verified_candidate,false,likely_paragraph_merge,needs_paragraph_restoration,pass,source_review_notice_visible,readable_but_long_merged_paragraph,restore_paragraph_breaks|remove_public_source_notice,high,paragraphs=1; words=296; Original source files map cleanly.
jrhof-wp-3137,Irv Moss,https://jrhof.org/inductees/irv_moss/,https://jrhof.org/inductees/irv_moss/,complete_biography,verified_candidate,false,good,good,pass,source_review_notice_visible,pass_layout,remove_public_source_notice|keep_content_simplify_template,medium,paragraphs=7; words=518; Original source files map cleanly.
jrhof-wp-3093,Lou Nolin,https://jrhof.org/inductees/lou_nolin/,https://jrhof.org/inductees/lou_nolin/,pending_biography,alternate_pending_review_svg,false,pending_biography,not_applicable_pending,pass,board_and_source_review_notices_visible,pass_layout,board_review_biography|restore_production_default_missing_image|human_review_before_launch|remove_public_source_notice,high,paragraphs=0; words=0; Astro uses portrait-pending.svg; production-familiar default should be restored; Review remaining source gaps and prior audit notes.
jrhof-wp-3018,Edward Stevens,https://jrhof.org/inductees/edward_stevens/,https://jrhof.org/inductees/edward_stevens/,complete_biography,verified_candidate,false,good,good,pass,source_review_notice_visible,pass_layout,remove_public_source_notice|keep_content_simplify_template,medium,paragraphs=7; words=470; Original source files map cleanly.
jrhof-wp-3099,Bill Vincent,https://jrhof.org/inductees/bill_vincent/,https://jrhof.org/inductees/bill_vincent/,complete_biography,verified_candidate,false,good,good,pass,source_review_notice_visible,pass_layout,remove_public_source_notice|keep_content_simplify_template,medium,paragraphs=7; words=332; Original source files map cleanly.
jrhof-wp-3030,Frank Zele,https://jrhof.org/inductees/frank_zele/,https://jrhof.org/inductees/frank_zele/,complete_biography,alternate_pending_review_svg,false,good,good,pass,source_review_notice_visible,pass_layout,restore_production_default_missing_image|remove_public_source_notice,high,paragraphs=6; words=218; Astro uses portrait-pending.svg; production-familiar default should be restored; Review remaining source gaps and prior audit notes.
jrhof-wp-2993,Virgil Jester,https://jrhof.org/inductees/virgil_jester/,https://jrhof.org/inductees/virgil_jester/,complete_biography,verified_candidate,false,good,good,pass,source_review_notice_visible,pass_layout,remove_public_source_notice|keep_content_simplify_template,medium,paragraphs=3; words=401; Original source files map cleanly.
jrhof-wp-2975,John Wenglass,https://jrhof.org/inductees/john_wenglass/,https://jrhof.org/inductees/john_wenglass/,pending_biography,alternate_pending_review_svg,false,pending_biography,not_applicable_pending,pass,board_and_source_review_notices_visible,pass_layout,board_review_biography|restore_production_default_missing_image|human_review_before_launch|remove_public_source_notice,high,paragraphs=0; words=0; Astro uses portrait-pending.svg; production-familiar default should be restored; Review remaining source gaps and prior audit notes.
jrhof-wp-2980,Joe Bellich,https://jrhof.org/inductees/joe_bellich/,https://jrhof.org/inductees/joe_bellich/,pending_biography,alternate_pending_review_svg,false,pending_biography,not_applicable_pending,pass,board_and_source_review_notices_visible,pass_layout,board_review_biography|restore_production_default_missing_image|human_review_before_launch|remove_public_source_notice,high,paragraphs=0; words=0; Astro uses portrait-pending.svg; production-familiar default should be restored; Original DOCX is empty; .jpg is the same generic silhouette used for four people and is not a portrait.
jrhof-wp-2972,Manual Boody,https://jrhof.org/inductees/manual_boody/,https://jrhof.org/inductees/manual_boody/,complete_biography,verified_candidate,false,good,good,pass,source_review_notice_visible,pass_layout,remove_public_source_notice|keep_content_simplify_template,medium,paragraphs=7; words=226; Original source files map cleanly.
jrhof-wp-3019,Mitchell Burns,https://jrhof.org/inductees/mitchell_burns/,https://jrhof.org/inductees/mitchell_burns/,complete_biography,verified_candidate,false,good,good,pass,source_review_notice_visible,pass_layout,remove_public_source_notice|keep_content_simplify_template,medium,paragraphs=11; words=647; Original source files map cleanly.
jrhof-wp-3004,Pete Butler,https://jrhof.org/inductees/pete_butler/,https://jrhof.org/inductees/pete_butler/,complete_biography,verified_candidate,false,good,good,pass,source_review_notice_visible,pass_layout,remove_public_source_notice|keep_content_simplify_template,medium,paragraphs=12; words=552; Original source files map cleanly.
jrhof-wp-3010,Walt Clay,https://jrhof.org/inductees/walt_clay/,https://jrhof.org/inductees/walt_clay/,complete_biography,verified_candidate,false,good,good,pass,board_and_source_review_notices_visible,pass_layout,human_review_before_launch|remove_public_source_notice,high,paragraphs=6; words=691; Control roster and repository say Pre 1990; WordPress extracted 1990. Original bio does not settle the induction-year conflict.
jrhof-wp-3015,Sam Corentino,https://jrhof.org/inductees/sam_corsentino/,https://jrhof.org/inductees/sam_corsentino/,complete_biography,alternate_pending_review_svg,false,good,good,pass,board_and_source_review_notices_visible,pass_layout,restore_production_default_missing_image|human_review_before_launch|remove_public_source_notice,high,paragraphs=7; words=456; Astro uses portrait-pending.svg; production-familiar default should be restored; Control/repository/live use Corentino; WordPress and source photo use Corsentino. Board should confirm legal/display spelling.
jrhof-wp-3131,Pete DAmato,https://jrhof.org/inductees/pete_damato/,https://jrhof.org/inductees/pete_damato/,complete_biography,verified_candidate,false,good,good,pass,source_review_notice_visible,pass_layout,remove_public_source_notice|keep_content_simplify_template,medium,paragraphs=6; words=340; Original source files map cleanly.
jrhof-wp-3162,Edmund DHaillecourt,https://jrhof.org/inductees/edmund_dhaillecourt/,https://jrhof.org/inductees/edmund_dhaillecourt/,pending_biography,alternate_pending_review_svg,false,pending_biography,not_applicable_pending,pass,board_and_source_review_notices_visible,pass_layout,board_review_biography|restore_production_default_missing_image|human_review_before_launch|remove_public_source_notice,high,paragraphs=0; words=0; Astro uses portrait-pending.svg; production-familiar default should be restored; Original DOCX is empty; .jpg is the same generic silhouette used for four people and is not a portrait.
jrhof-wp-3094,Chuck Denney,https://jrhof.org/inductees/chuck_denney/,https://jrhof.org/inductees/chuck_denney/,complete_biography,verified_candidate,false,good,good,pass,source_review_notice_visible,pass_layout,remove_public_source_notice|keep_content_simplify_template,medium,paragraphs=7; words=511; Original source files map cleanly.
jrhof-wp-3080,Ervin Douglas,https://jrhof.org/inductees/ervin_douglas/,https://jrhof.org/inductees/ervin_douglas/,pending_biography,alternate_pending_review_svg,false,pending_biography,not_applicable_pending,pass,board_and_source_review_notices_visible,pass_layout,board_review_biography|restore_production_default_missing_image|human_review_before_launch|remove_public_source_notice,high,paragraphs=0; words=0; Astro uses portrait-pending.svg; production-familiar default should be restored; Original DOCX is empty; .jpg is the same generic silhouette used for four people and is not a portrait.
jrhof-wp-3150,Dick Hotton,https://jrhof.org/inductees/dick_hotton/,https://jrhof.org/inductees/dick_hotton/,pending_biography,alternate_pending_review_svg,false,pending_biography,not_applicable_pending,pass,board_and_source_review_notices_visible,pass_layout,board_review_biography|restore_production_default_missing_image|human_review_before_launch|remove_public_source_notice,high,paragraphs=0; words=0; Astro uses portrait-pending.svg; production-familiar default should be restored; Review remaining source gaps and prior audit notes.
jrhof-wp-3011,David Letofsky,https://jrhof.org/inductees/david_letofsky/,https://jrhof.org/inductees/david_letofsky/,complete_biography,verified_candidate,false,good,good,pass,source_review_notice_visible,pass_layout,remove_public_source_notice|keep_content_simplify_template,medium,paragraphs=8; words=455; Original source files map cleanly.
jrhof-wp-3074,Mert Letofsky,https://jrhof.org/inductees/mert_letofsky/,https://jrhof.org/inductees/mert_letofsky/,complete_biography,verified_candidate,false,good,good,pass,source_review_notice_visible,pass_layout,remove_public_source_notice|keep_content_simplify_template,medium,paragraphs=7; words=510; Original source files map cleanly.
jrhof-wp-3024,Melvin Martin,https://jrhof.org/inductees/melvin_martin/,https://jrhof.org/inductees/melvin_martin/,complete_biography,verified_candidate,false,good,good,pass,source_review_notice_visible,pass_layout,remove_public_source_notice|keep_content_simplify_template,medium,paragraphs=7; words=531; Original source files map cleanly.
jrhof-wp-3050,Bob Mullerberg,https://jrhof.org/inductees/bob_mullerberg/,https://jrhof.org/inductees/bob_mullerberg/,pending_biography,verified_candidate,false,pending_biography,not_applicable_pending,pass,board_and_source_review_notices_visible,pass_layout,board_review_biography|human_review_before_launch|remove_public_source_notice,high,paragraphs=0; words=0; Review remaining source gaps and prior audit notes.
jrhof-wp-3054,H_R Phillips,https://jrhof.org/inductees/h_r_phillips/,https://jrhof.org/inductees/h_r_phillips/,complete_biography,verified_candidate,false,good,good,pass,source_review_notice_visible,pass_layout,remove_public_source_notice|keep_content_simplify_template,medium,paragraphs=7; words=313; Original source files map cleanly.
jrhof-wp-3057,Frank Prentup,https://jrhof.org/inductees/frank_prentup/,https://jrhof.org/inductees/frank_prentup/,complete_biography,verified_candidate,false,good,good,pass,source_review_notice_visible,pass_layout,remove_public_source_notice|keep_content_simplify_template,medium,paragraphs=8; words=817; Original source files map cleanly.
jrhof-wp-3141,James Roorda,https://jrhof.org/inductees/james_roorda/,https://jrhof.org/inductees/james_roorda/,complete_biography,verified_candidate,false,good,good,pass,source_review_notice_visible,pass_layout,remove_public_source_notice|keep_content_simplify_template,medium,paragraphs=6; words=367; Original source files map cleanly.
jrhof-wp-3022,Gene Rozzelle,https://jrhof.org/gene_rozelle/,https://jrhof.org/inductees/gene_rozelle/,complete_biography,verified_candidate,false,good,good,display_spelling_decision_required,board_and_source_review_notices_visible,pass_layout,human_review_before_launch|remove_public_source_notice,high,"paragraphs=5; words=189; Control roster spells Rozzelle; repository, WordPress, biography filename, and photo filename use Rozelle. Also absent from live archive."
jrhof-wp-3006,Sal Salazar,https://jrhof.org/inductees/sal_salazar/,https://jrhof.org/inductees/sal_salazar/,pending_biography,alternate_pending_review_svg,false,pending_biography,not_applicable_pending,pass,board_and_source_review_notices_visible,pass_layout,board_review_biography|restore_production_default_missing_image|human_review_before_launch|remove_public_source_notice,high,paragraphs=0; words=0; Astro uses portrait-pending.svg; production-familiar default should be restored; Review remaining source gaps and prior audit notes.
jrhof-wp-3078,Terry Schiessler,https://jrhof.org/inductees/terry_schiessler/,https://jrhof.org/inductees/terry_schiessler/,complete_biography,verified_candidate,false,good,good,pass,source_review_notice_visible,pass_layout,remove_public_source_notice|keep_content_simplify_template,medium,paragraphs=8; words=699; Original source files map cleanly.
jrhof-wp-3049,Don Shiverdecker,https://jrhof.org/inductees/don_shiverdecker/,https://jrhof.org/inductees/don_shiverdecker/,pending_biography,alternate_pending_review_svg,false,pending_biography,not_applicable_pending,pass,board_and_source_review_notices_visible,pass_layout,board_review_biography|restore_production_default_missing_image|human_review_before_launch|remove_public_source_notice,high,paragraphs=0; words=0; Astro uses portrait-pending.svg; production-familiar default should be restored; Review remaining source gaps and prior audit notes.
jrhof-wp-3148,Ron Sisson,https://jrhof.org/inductees/ron_sisson/,https://jrhof.org/inductees/ron_sisson/,complete_biography,verified_candidate,false,good,good,pass,source_review_notice_visible,pass_layout,remove_public_source_notice|keep_content_simplify_template,medium,paragraphs=7; words=263; Original source files map cleanly.
jrhof-wp-3135,Lou Spector,https://jrhof.org/inductees/lou_spector/,https://jrhof.org/inductees/lou_spector/,pending_biography,alternate_pending_review_svg,false,pending_biography,not_applicable_pending,pass,board_and_source_review_notices_visible,pass_layout,board_review_biography|restore_production_default_missing_image|human_review_before_launch|remove_public_source_notice,high,paragraphs=0; words=0; Astro uses portrait-pending.svg; production-familiar default should be restored; Review remaining source gaps and prior audit notes.
jrhof-wp-2991,Stormy Stucker,https://jrhof.org/inductees/stormy_stucker/,https://jrhof.org/inductees/stormy_stucker/,pending_biography,alternate_pending_review_svg,false,pending_biography,not_applicable_pending,pass,board_and_source_review_notices_visible,pass_layout,board_review_biography|restore_production_default_missing_image|human_review_before_launch|remove_public_source_notice,high,paragraphs=0; words=0; Astro uses portrait-pending.svg; production-familiar default should be restored; Review remaining source gaps and prior audit notes.
jrhof-wp-3143,George Theodore,https://jrhof.org/inductees/george_theodore/,https://jrhof.org/inductees/george_theodore/,pending_biography,alternate_pending_review_svg,false,pending_biography,not_applicable_pending,pass,board_and_source_review_notices_visible,pass_layout,board_review_biography|restore_production_default_missing_image|human_review_before_launch|remove_public_source_notice,high,paragraphs=0; words=0; Astro uses portrait-pending.svg; production-familiar default should be restored; Review remaining source gaps and prior audit notes.
jrhof-wp-3107,Ed Tracy,https://jrhof.org/inductees/ed_tracy/,https://jrhof.org/inductees/ed_tracy/,pending_biography,alternate_pending_review_svg,false,pending_biography,not_applicable_pending,pass,board_and_source_review_notices_visible,pass_layout,board_review_biography|restore_production_default_missing_image|human_review_before_launch|remove_public_source_notice,high,paragraphs=0; words=0; Astro uses portrait-pending.svg; production-familiar default should be restored; Review remaining source gaps and prior audit notes.
jrhof-wp-2989,Dick Yates,https://jrhof.org/inductees/dick_yates/,https://jrhof.org/inductees/dick_yates/,complete_biography,verified_candidate,false,good,good,pass,source_review_notice_visible,pass_layout,remove_public_source_notice|keep_content_simplify_template,medium,paragraphs=7; words=392; Original source files map cleanly.
jrhof-wp-3146,Ken Zetner,https://jrhof.org/inductees/ken_zetner/,https://jrhof.org/inductees/ken_zetner/,pending_biography,alternate_pending_review_svg,false,pending_biography,not_applicable_pending,pass,board_and_source_review_notices_visible,pass_layout,board_review_biography|restore_production_default_missing_image|human_review_before_launch|remove_public_source_notice,high,paragraphs=0; words=0; Astro uses portrait-pending.svg; production-familiar default should be restored; Review remaining source gaps and prior audit notes.
