wordpress_id,repo_name,wordpress_name,live_card_name,visible_on_live_archive,repo_slug,wordpress_slug,repo_year,wordpress_year_extracted,repo_image,repo_image_exists,wordpress_featured_media_url,live_image_url,live_image_http_status,repo_bio_word_count,wordpress_bio_word_count,export_biography_comparison,wordpress_url,live_card_click_url,live_card_click_http_status,live_detail_http_status,live_detail_h1,live_detail_contains_wrong_person,live_link_status,bio_status,media_status,canonical_bio_source,migration_action,proposed_future_canonical_astro_url,redirect_required,redirect_sources,content_blocked,media_blocked,live_link_blocked,reviewer_notes
3033,Al Raglin,Al_Raglin,Al Raglin,True,Al_Raglin,al_raglin,2004,2004,Al_Raglin.jpg,True,,https://jrhof.org/wp-content/uploads/2026/01/Al_Raglin.webp,200,232,233,substantively-same,https://jrhof.org/inductees/al_raglin/,,,200,Al “Rags” Raglin,False,no_link,complete,live_resolves,merged_candidate,fix_live_link,https://jrhof.org/inductees/al_raglin/,True,"[""/Al_Raglin/""]",False,False,True,Live archive card has no anchor/link.
3000,Arny Karraker,Arny_Karraker,Arny Karraker,True,Arny_Karraker,arny_karraker,2008,2008,Arny_Karraker.jpg,True,,https://jrhof.org/wp-content/uploads/2026/01/Arny_Karraker.webp,200,283,284,substantively-same,https://jrhof.org/inductees/arny_karraker/,,,200,Arny Karraker,False,no_link,complete,live_resolves,merged_candidate,fix_live_link,https://jrhof.org/inductees/arny_karraker/,True,"[""/Arny_Karraker/""]",False,False,True,Live archive card has no anchor/link.
3034,Art Wollenweber,Art Wollenweber,Art Wollenweber,True,Art_Wollenweber,art_wollenweber,1991,1991,Art_Wollenweber.jpg,True,https://jrhof.org/wp-content/uploads/2026/01/Art_Wollenweber.webp,https://jrhof.org/wp-content/uploads/2026/01/Art_Wollenweber.webp,200,149,219,wordpress-more-complete,https://jrhof.org/inductees/art_wollenweber/,https://jrhof.org/inductees/art_wollenweber/,200,200,Art Wollenweber,False,links_to_bio,complete,live_resolves,wordpress,use_wordpress_bio,https://jrhof.org/inductees/art_wollenweber/,True,"[""/Art_Wollenweber/""]",False,False,False,WordPress biography is materially more complete than repo version.
1227,Bert Borgmann,Bert Borgmann,Bert Borgmann,True,Bert_Borgmann,bert_borgmann,2024,2024,Bert_Borgmann.jpg,True,https://jrhof.org/wp-content/uploads/2026/01/Fred_Zuercher.webp,https://jrhof.org/wp-content/uploads/2026/01/Bert_Borgmann.webp,200,307,316,different-similar-length,https://jrhof.org/inductees/bert_borgmann/,https://jrhof.org/inductees/bert_borgmann/,200,200,Bert Borgmann,False,links_to_bio,materially_different,mismatched_featured_image,board_review_required,manually_merge,https://jrhof.org/inductees/bert_borgmann/,True,"[""/Bert_Borgmann/""]",True,False,False,WordPress export featured-media assignment appears to belong to another inductee; live card image may still be correct. Repository and WordPress biographies are materially different and similar in length.
2978,Bill Helman,Bill Helman,Bill Helman,True,Bill_Helman,bill_helman,1991,1991,Bill_Helman.jpg,True,https://jrhof.org/wp-content/uploads/2026/01/Bill_Helman.webp,https://jrhof.org/wp-content/uploads/2026/01/Bill_Helman.webp,200,284,285,different-similar-length,https://jrhof.org/inductees/bill_helman/,https://jrhof.org/inductees/bill_helman/,200,200,Bill Helman,False,links_to_bio,materially_different,live_resolves,board_review_required,manually_merge,https://jrhof.org/inductees/bill_helman/,True,"[""/Bill_Helman/""]",True,False,False,Repository and WordPress biographies are materially different and similar in length.
3025,Bill Lind,Bill Lind,Bill Lind,True,Bill_Lind,bill_lind,1999,1999,Bill_Lind.jpg,False,https://jrhof.org/wp-content/uploads/2026/01/Bill_Lind_missing.webp,https://jrhof.org/wp-content/uploads/2026/01/Bill_Lind_missing.webp,200,162,333,wordpress-more-complete,https://jrhof.org/inductees/bill_lind/,https://jrhof.org/inductees/bill_lind/,200,200,Bill Lind,False,links_to_bio,complete,needs_replacement,wordpress,fix_media,https://jrhof.org/inductees/bill_lind/,True,"[""/Bill_Lind/""]",False,True,False,Live archive uses a person-specific Missing placeholder image. WordPress biography is materially more complete than repo version.
3099,Bill Vincent,Bill Vincent,Bill Vincent,True,Bill_Vincent,bill_vincent,1990,1990,Bill_Vincent.jpg,True,https://jrhof.org/wp-content/uploads/2026/01/Bill_Vincent.webp,https://jrhof.org/wp-content/uploads/2026/01/Bill_Vincent.webp,200,147,198,wordpress-more-complete,https://jrhof.org/inductees/bill_vincent/,https://jrhof.org/inductees/bill_vincent/,200,200,Bill Vincent,False,links_to_bio,complete,live_resolves,wordpress,use_wordpress_bio,https://jrhof.org/inductees/bill_vincent/,True,"[""/Bill_Vincent/""]",False,False,False,WordPress biography is materially more complete than repo version.
3039,Bob Ferguson,Bob Ferguson,Bob Ferguson,True,Bob_Ferguson,bob_ferguson,1999,1999,Bob_Ferguson.jpg,False,https://jrhof.org/wp-content/uploads/2026/01/Bob_Ferguson_Missing.webp,https://jrhof.org/wp-content/uploads/2026/01/Bob_Ferguson_Missing.webp,200,193,230,wordpress-more-complete,https://jrhof.org/inductees/bob_ferguson/,https://jrhof.org/inductees/bob_ferguson/,200,200,Bob Ferguson,False,links_to_bio,complete,needs_replacement,wordpress,fix_media,https://jrhof.org/inductees/bob_ferguson/,True,"[""/Bob_Ferguson/""]",False,True,False,Live archive uses a person-specific Missing placeholder image. WordPress biography is materially more complete than repo version.
3065,Bob Jones,Bob Jones,Bob Jones,True,Bob_Jones,bob_jones,2013,2013,Bob_Jones.jpg,True,https://jrhof.org/wp-content/uploads/2026/01/Bert_Borgmann.webp,https://jrhof.org/wp-content/uploads/2026/01/Bob_Jones.webp,200,311,331,different-similar-length,https://jrhof.org/inductees/bob_jones/,https://jrhof.org/inductees/bob_jones/,200,200,Bob Jones,False,links_to_bio,materially_different,mismatched_featured_image,board_review_required,manually_merge,https://jrhof.org/inductees/bob_jones/,True,"[""/Bob_Jones/""]",True,False,False,WordPress export featured-media assignment appears to belong to another inductee; live card image may still be correct. Repository and WordPress biographies are materially different and similar in length.
3032,Bob Meisner,Bob Meisner,Bob Meisner,True,Bob_Meisner,bob_meisner,2005,2005,Bob_Meisner.jpg,True,https://jrhof.org/wp-content/uploads/2026/01/Bob_Meisner.webp,https://jrhof.org/wp-content/uploads/2026/01/Bob_Meisner.webp,200,368,306,repo-more-complete,https://jrhof.org/inductees/bob_meisner/,https://jrhof.org/inductees/bob_meisner/,200,200,Bob Meisner,False,links_to_bio,complete,live_resolves,repo,use_repo_bio,https://jrhof.org/inductees/bob_meisner/,True,"[""/Bob_Meisner/""]",False,False,False,Repository biography is materially more complete than WordPress version.
3050,Bob Mullerberg,Bob Mullerberg,Bob Mullerberg,True,Bob_Mullerberg,bob_mullerberg,Pre 1990,,Bob_Mullerberg.jpg,True,https://jrhof.org/wp-content/uploads/2026/01/Bob_Mullerberg.webp,https://jrhof.org/wp-content/uploads/2026/01/Bob_Mullerberg.webp,200,0,11,both-incomplete,https://jrhof.org/inductees/bob_mullerberg/,https://jrhof.org/inductees/bob_mullerberg/,200,200,Bob Mullerberg,False,links_to_bio,incomplete,live_resolves,board_review_required,board_review,https://jrhof.org/inductees/bob_mullerberg/,True,"[""/Bob_Mullerberg/""]",True,False,False,Both available biography sources are incomplete.
3058,Bob Ottewill,Bob Ottewill,Bob Ottewill,True,Bob_Ottewill,bob_ottewill,2006,2006,Bob_Ottewill.jpg,True,https://jrhof.org/wp-content/uploads/2026/01/Bob_Ottewill.webp,https://jrhof.org/wp-content/uploads/2026/01/Bob_Ottewill.webp,200,290,277,different-similar-length,https://jrhof.org/inductees/bob_ottewill/,https://jrhof.org/inductees/bob_ottewill/,200,200,Bob Ottewill,False,links_to_bio,materially_different,live_resolves,board_review_required,manually_merge,https://jrhof.org/inductees/bob_ottewill/,True,"[""/Bob_Ottewill/""]",True,False,False,Repository and WordPress biographies are materially different and similar in length.
3144,Bob Westhoff,Bob Westhoff,Bob Westhoff,True,Bob_Westhoff,bob_westhoff,1995,1995,Bob_Westhoff.jpg,False,https://jrhof.org/wp-content/uploads/2026/01/Bob_Westhoff_Missing.webp,https://jrhof.org/wp-content/uploads/2026/01/Bob_Westhoff_Missing.webp,200,0,11,both-incomplete,https://jrhof.org/inductees/bob_westhoff/,https://jrhof.org/inductees/bob_westhoff/,200,200,Bob Westhoff,False,links_to_bio,incomplete,needs_replacement,board_review_required,board_review,https://jrhof.org/inductees/bob_westhoff/,True,"[""/Bob_Westhoff/""]",True,True,False,Live archive uses a person-specific Missing placeholder image. Both available biography sources are incomplete.
2992,Bruce Bradshaw,Bruce Bradshaw,Bruce Bradshaw,True,Bruce_Bradshaw,bruce_bradshaw,2011,2011,Bruce_Bradshaw.jpg,True,https://jrhof.org/wp-content/uploads/2026/01/Bill_Vincent.webp,https://jrhof.org/wp-content/uploads/2026/01/Bruce_Bradshaw.webp,200,199,246,wordpress-more-complete,https://jrhof.org/inductees/bruce_bradshaw/,https://jrhof.org/inductees/bruce_bradshaw/,200,200,Bruce Bradshaw,False,links_to_bio,complete,mismatched_featured_image,wordpress,use_wordpress_bio,https://jrhof.org/inductees/bruce_bradshaw/,True,"[""/Bruce_Bradshaw/""]",False,False,False,WordPress export featured-media assignment appears to belong to another inductee; live card image may still be correct. WordPress biography is materially more complete than repo version.
2986,Bruce Grigsby,Bruce Grigsby,Bruce Grigsby,True,Bruce_Grigsby,bruce_grigsby,2012,2012,Bruce_Grigsby.jpg,True,https://jrhof.org/wp-content/uploads/2026/01/Bob_Ferguson_Missing.webp,https://jrhof.org/wp-content/uploads/2026/01/Bruce_Grigsby.webp,200,278,280,different-similar-length,https://jrhof.org/inductees/bruce_grigsby/,https://jrhof.org/inductees/bruce_grigsby/,200,200,Bruce Grigsby,False,links_to_bio,materially_different,mismatched_featured_image,board_review_required,manually_merge,https://jrhof.org/inductees/bruce_grigsby/,True,"[""/Bruce_Grigsby/""]",True,False,False,WordPress export featured-media assignment appears to belong to another inductee; live card image may still be correct. Repository and WordPress biographies are materially different and similar in length.
2983,Bud Best,Bud Best,Bud Best,True,Bud_Best,bud_best,1996,1996,Bud_Best.jpg,True,https://jrhof.org/wp-content/uploads/2026/01/Bud_Best.webp,https://jrhof.org/wp-content/uploads/2026/01/Bud_Best.webp,200,184,238,wordpress-more-complete,https://jrhof.org/inductees/bud_best/,https://jrhof.org/inductees/bud_best/,200,200,Bud Best,False,links_to_bio,complete,live_resolves,wordpress,use_wordpress_bio,https://jrhof.org/inductees/bud_best/,True,"[""/Bud_Best/""]",False,False,False,WordPress biography is materially more complete than repo version.
3152,Bud Schoepflin,Bud Schoepflin,Bud Schoepflin,True,Bud_Schoepflin,bud_schoepflin,2004,2004,Bud_Schoepflin.jpg,True,https://jrhof.org/wp-content/uploads/2026/01/Bud_Schoepflin.webp,https://jrhof.org/wp-content/uploads/2026/01/Bud_Schoepflin.webp,200,363,325,different-similar-length,https://jrhof.org/inductees/bud_schoepflin/,https://jrhof.org/inductees/bud_schoepflin/,200,200,Bud Schoepflin,False,links_to_bio,materially_different,live_resolves,board_review_required,manually_merge,https://jrhof.org/inductees/bud_schoepflin/,True,"[""/Bud_Schoepflin/""]",True,False,False,Repository and WordPress biographies are materially different and similar in length.
3035,"Carl Zele, Jr",Carl Zele Jr,Carl Zele,True,Carl_Zele_Jr,carl_zele_jr,2008,2008,Carl_Zele.jpg,True,https://jrhof.org/wp-content/uploads/2026/01/Carl_Zele.webp,https://jrhof.org/wp-content/uploads/2026/01/Carl_Zele.webp,200,337,332,different-similar-length,https://jrhof.org/inductees/carl_zele_jr/,https://jrhof.org/inductees/carl_zele_jr/,200,200,Carl Zele Jr,False,links_to_bio,materially_different,live_resolves,board_review_required,manually_merge,https://jrhof.org/inductees/carl_zele_jr/,True,"[""/Carl_Zele_Jr/""]",True,False,False,Repository and WordPress biographies are materially different and similar in length.
2998,Charlie Chainhalt,Charlie Chainhalt,Charlie Chainhalt,True,Charlie_Chainhalt,charlie_chainhalt,1992,1992,Charlie_Chainhalt.jpg,True,https://jrhof.org/wp-content/uploads/2026/01/Charlie_Chainhalt.webp,https://jrhof.org/wp-content/uploads/2026/01/Charlie_Chainhalt.webp,200,211,224,different-similar-length,https://jrhof.org/inductees/charlie_chainhalt/,https://jrhof.org/inductees/charlie_chainhalt/,200,200,Charlie Chainhalt,False,links_to_bio,materially_different,live_resolves,board_review_required,manually_merge,https://jrhof.org/inductees/charlie_chainhalt/,True,"[""/Charlie_Chainhalt/""]",True,False,False,Repository and WordPress biographies are materially different and similar in length.
3129,Chris Dittman,Chris Dittman,Chris Dittman,True,Chris_Dittman,chris_dittman,2000,2000,Chris_Dittman.jpg,True,https://jrhof.org/wp-content/uploads/2026/01/Chris_Dittman.webp,https://jrhof.org/wp-content/uploads/2026/01/Chris_Dittman.webp,200,309,289,different-similar-length,https://jrhof.org/inductees/chris_dittman/,https://jrhof.org/inductees/chris_dittman/,200,200,Chris Dittman,False,links_to_bio,materially_different,live_resolves,board_review_required,manually_merge,https://jrhof.org/inductees/chris_dittman/,True,"[""/Chris_Dittman/""]",True,False,False,Repository and WordPress biographies are materially different and similar in length.
3094,Chuck Denney,Chuck Denney,Chuck Denney,True,Chuck_Denney,chuck_denney,Pre 1990,,Chuck_Denney.jpg,True,https://jrhof.org/wp-content/uploads/2026/01/Chuck_Denney.webp,https://jrhof.org/wp-content/uploads/2026/01/Chuck_Denney.webp,200,252,261,different-similar-length,https://jrhof.org/inductees/chuck_denney/,https://jrhof.org/inductees/chuck_denney/,200,200,Chuck Denney,False,links_to_bio,materially_different,live_resolves,board_review_required,manually_merge,https://jrhof.org/inductees/chuck_denney/,True,"[""/Chuck_Denney/""]",True,False,False,Repository and WordPress biographies are materially different and similar in length.
2996,Cliff Hendrick,Cliff Hendrick,Cliff Hendrick,True,Cliff_Hendrick,cliff_hendrick,1997,1997,Cliff_Hendrick.jpg,True,https://jrhof.org/wp-content/uploads/2026/01/Cliff_Hendrick.webp,https://jrhof.org/wp-content/uploads/2026/01/Cliff_Hendrick.webp,200,233,236,different-similar-length,https://jrhof.org/inductees/cliff_hendrick/,https://jrhof.org/inductees/cliff_hendrick/,200,200,Cliff Hendrick,False,links_to_bio,materially_different,live_resolves,board_review_required,manually_merge,https://jrhof.org/inductees/cliff_hendrick/,True,"[""/Cliff_Hendrick/""]",True,False,False,Repository and WordPress biographies are materially different and similar in length.
3055,Dan Cholas,Dan Cholas,Dan Cholas,True,Dan_Cholas,dan_cholas,2014,2014,Dan_Cholas.jpg,True,https://jrhof.org/wp-content/uploads/2026/01/Bud_Best.webp,https://jrhof.org/wp-content/uploads/2026/01/Dan_Cholas.webp,200,324,330,different-similar-length,https://jrhof.org/inductees/dan_cholas/,https://jrhof.org/inductees/dan_cholas/,200,200,Dan Cholas,False,links_to_bio,materially_different,mismatched_featured_image,board_review_required,manually_merge,https://jrhof.org/inductees/dan_cholas/,True,"[""/Dan_Cholas/""]",True,False,False,WordPress export featured-media assignment appears to belong to another inductee; live card image may still be correct. Repository and WordPress biographies are materially different and similar in length.
3031,Dan Ringsby,Dan Ringsby,Dan Ringsby,True,Dan_Ringsby,dan_ringsby,2020,2020,Dan_Ringsby.jpg,True,https://jrhof.org/wp-content/uploads/2026/01/Bud_Schoepflin.webp,https://jrhof.org/wp-content/uploads/2026/01/Dan_Ringsby.webp,200,0,11,both-incomplete,https://jrhof.org/inductees/dan_ringsby/,https://jrhof.org/inductees/dan_ringsby/,200,200,Dan Ringsby,False,links_to_bio,incomplete,mismatched_featured_image,board_review_required,board_review,https://jrhof.org/inductees/dan_ringsby/,True,"[""/Dan_Ringsby/""]",True,False,False,WordPress export featured-media assignment appears to belong to another inductee; live card image may still be correct. Both available biography sources are incomplete.
1231,Dan Weikle,Dan Weikle,Dan Weikle,True,Dan_Weikle,dan_weikle,2024,2024,Dan_Weikle.jpg,True,https://jrhof.org/wp-content/uploads/2026/01/Dan_Weikle.webp,https://jrhof.org/wp-content/uploads/2026/01/Dan_Weikle.webp,200,614,546,different-similar-length,https://jrhof.org/inductees/dan_weikle/,https://jrhof.org/inductees/dan_weikle/,200,200,Dan Weikle,False,links_to_bio,materially_different,live_resolves,board_review_required,manually_merge,https://jrhof.org/inductees/dan_weikle/,True,"[""/Dan_Weikle/""]",True,False,False,Repository and WordPress biographies are materially different and similar in length.
3045,"Dave ""Chick"" Baker","Dave ""Chick"" Baker",Dave Baker,True,Dave_Chick_Baker,dave_baker,2023,2023,Dave_Baker.jpg,True,https://jrhof.org/wp-content/uploads/2026/01/Charlie_Chainhalt.webp,https://jrhof.org/wp-content/uploads/2026/01/Dave_Baker.webp,200,221,232,substantively-same,https://jrhof.org/inductees/dave_baker/,https://jrhof.org/inductees/dave_baker/,200,200,Dave “Chick” Baker,False,links_to_bio,complete,mismatched_featured_image,merged_candidate,migrate_as_is,https://jrhof.org/inductees/dave_baker/,True,"[""/Dave_Chick_Baker/""]",False,False,False,WordPress export featured-media assignment appears to belong to another inductee; live card image may still be correct.
3140,Dave Schmidt,Dave Schmidt,Dave Schmidt,True,Dave_Schmidt,dave_schmidt,2011,2011,Dave_Schmidt.jpg,True,https://jrhof.org/wp-content/uploads/2026/01/Chris_Dittman.webp,https://jrhof.org/wp-content/uploads/2026/01/Dave_Schmidt_Missing.webp,200,210,255,wordpress-more-complete,https://jrhof.org/inductees/dave_schmidt/,https://jrhof.org/inductees/dave_schmidt/,200,200,Dave Schmidt,False,links_to_bio,complete,needs_replacement,wordpress,fix_media,https://jrhof.org/inductees/dave_schmidt/,True,"[""/Dave_Schmidt/""]",False,True,False,Live archive uses a person-specific Missing placeholder image. WordPress export featured-media assignment appears to belong to another inductee; live card image may still be correct. WordPress biography is materially more complete than repo version.
3011,David Letofsky,David Letofsky,David Letofsky,True,David_Letofsky,david_letofsky,Pre 1990,,David_Letofsky.jpg,True,https://jrhof.org/wp-content/uploads/2026/01/David_Letofsky.webp,https://jrhof.org/wp-content/uploads/2026/01/David_Letofsky.webp,200,207,242,wordpress-more-complete,https://jrhof.org/inductees/david_letofsky/,https://jrhof.org/inductees/david_letofsky/,200,200,David Letofsky,False,links_to_bio,complete,live_resolves,wordpress,use_wordpress_bio,https://jrhof.org/inductees/david_letofsky/,True,"[""/David_Letofsky/""]",False,False,False,WordPress biography is materially more complete than repo version.
3104,Del Petersen,Del Petersen,Del Petersen,True,Del_Petersen,del_petersen,2000,2000,Del_Petersen.jpg,False,https://jrhof.org/wp-content/uploads/2026/01/Del_Petersen_Missing.webp,https://jrhof.org/wp-content/uploads/2026/01/Del_Petersen_Missing.webp,200,0,11,both-incomplete,https://jrhof.org/inductees/del_petersen/,https://jrhof.org/inductees/del_petersen/,200,200,Del Petersen,False,links_to_bio,incomplete,needs_replacement,board_review_required,board_review,https://jrhof.org/inductees/del_petersen/,True,"[""/Del_Petersen/""]",True,True,False,Live archive uses a person-specific Missing placeholder image. Both available biography sources are incomplete.
2999,Dennis Smith,Dennis Smith,Dennis Smith,True,Dennis_Smith,dennis_smith,2017,2017,Dennis_Smith.jpg,True,https://jrhof.org/wp-content/uploads/2026/01/Dan_Ringsby.webp,https://jrhof.org/wp-content/uploads/2026/01/Dennis_Smith.webp,200,157,218,wordpress-more-complete,https://jrhof.org/inductees/dennis_smith/,https://jrhof.org/inductees/dennis_smith/,200,200,Dennis Smith,False,links_to_bio,complete,mismatched_featured_image,wordpress,use_wordpress_bio,https://jrhof.org/inductees/dennis_smith/,True,"[""/Dennis_Smith/""]",False,False,False,WordPress export featured-media assignment appears to belong to another inductee; live card image may still be correct. WordPress biography is materially more complete than repo version.
3068,Dick Cartin,Dick Cartin,Dick Cartin,True,Dick_Cartin,dick_cartin,1993,1993,Dick_Cartin.jpg,True,https://jrhof.org/wp-content/uploads/2026/01/Dick_Cartin.webp,https://jrhof.org/wp-content/uploads/2026/01/Dick_Cartin.webp,200,206,230,different-similar-length,https://jrhof.org/inductees/dick_cartin/,https://jrhof.org/inductees/dick_cartin/,200,200,Dick Cartin,False,links_to_bio,materially_different,live_resolves,board_review_required,manually_merge,https://jrhof.org/inductees/dick_cartin/,True,"[""/Dick_Cartin/""]",True,False,False,Repository and WordPress biographies are materially different and similar in length.
3150,Dick Hotton,Dick Hotton,Dick Hotton,True,Dick_Hotton,dick_hotton,Pre 1990,,Dick_Hotton.jpg,False,https://jrhof.org/wp-content/uploads/2026/01/Dick_Hotton_Missing.webp,https://jrhof.org/wp-content/uploads/2026/01/Dick_Hotton_Missing.webp,200,0,11,both-incomplete,https://jrhof.org/inductees/dick_hotton/,https://jrhof.org/inductees/dick_hotton/,200,200,Dick Hotton,False,links_to_bio,incomplete,needs_replacement,board_review_required,board_review,https://jrhof.org/inductees/dick_hotton/,True,"[""/Dick_Hotton/""]",True,True,False,Live archive uses a person-specific Missing placeholder image. Both available biography sources are incomplete.
2989,Dick Yates,Dick Yates,Dick Yates,True,Dick_Yates,dick_yates,Pre 1990,,Dick_Yates.jpg,True,https://jrhof.org/wp-content/uploads/2026/01/Dick_Yates.webp,https://jrhof.org/wp-content/uploads/2026/01/Dick_Yates.webp,200,184,210,different-similar-length,https://jrhof.org/inductees/dick_yates/,https://jrhof.org/inductees/dick_yates/,200,200,Dick Yates,False,links_to_bio,materially_different,live_resolves,board_review_required,manually_merge,https://jrhof.org/inductees/dick_yates/,True,"[""/Dick_Yates/""]",True,False,False,Repository and WordPress biographies are materially different and similar in length.
3166,Don Carlsen,Don Carlsen,Don Carlsen,True,Don_Carlsen,don_carlsen,2006,2006,Don_Carlsen.jpg,True,https://jrhof.org/wp-content/uploads/2026/01/Don_Carlsen.webp,https://jrhof.org/wp-content/uploads/2026/01/Don_Carlsen.webp,200,331,318,different-similar-length,https://jrhof.org/inductees/don_carlsen/,https://jrhof.org/inductees/don_carlsen/,200,200,Don Carlsen,False,links_to_bio,materially_different,live_resolves,board_review_required,manually_merge,https://jrhof.org/inductees/don_carlsen/,True,"[""/Don_Carlsen/""]",True,False,False,Repository and WordPress biographies are materially different and similar in length.
3061,Don Cimaglia,Don Cimaglia,Don Cimaglia,True,Don_Cimaglia,don_cimaglia,1995,1995,Don_Cimaglia.jpg,True,https://jrhof.org/wp-content/uploads/2026/01/Don_Cimaglia_Missing.webp,https://jrhof.org/wp-content/uploads/2026/01/Don_Cimaglia_Missing.webp,200,0,11,both-incomplete,https://jrhof.org/inductees/don_cimaglia/,https://jrhof.org/inductees/don_cimaglia/,200,200,Don Cimaglia,False,links_to_bio,incomplete,needs_replacement,board_review_required,board_review,https://jrhof.org/inductees/don_cimaglia/,True,"[""/Don_Cimaglia/""]",True,True,False,Live archive uses a person-specific Missing placeholder image. Both available biography sources are incomplete.
3043,Don Hegi,Don Hegi,Don Hegi,True,Don_Hegi,don_hegi,2020,2020,Don_Hegi.jpg,True,https://jrhof.org/wp-content/uploads/2026/01/Dick_Cartin.webp,https://jrhof.org/wp-content/uploads/2026/01/Don_Hegi.webp,200,0,11,both-incomplete,https://jrhof.org/inductees/don_hegi/,https://jrhof.org/inductees/don_hegi/,200,200,Don Hegi,False,links_to_bio,incomplete,mismatched_featured_image,board_review_required,board_review,https://jrhof.org/inductees/don_hegi/,True,"[""/Don_Hegi/""]",True,False,False,WordPress export featured-media assignment appears to belong to another inductee; live card image may still be correct. Both available biography sources are incomplete.
3049,Don Shiverdecker,Don Shiverdecker,Don Shiverdecker,True,Don_Shiverdecker,don_shiverdecker,Pre 1990,,Don_Shiverdecker.jpg,False,https://jrhof.org/wp-content/uploads/2026/01/Don_Shiverdecker_Missing.webp,https://jrhof.org/wp-content/uploads/2026/01/Don_Shiverdecker_Missing.webp,200,0,11,both-incomplete,https://jrhof.org/inductees/don_shiverdecker/,https://jrhof.org/inductees/don_shiverdecker/,200,200,Don Shiverdecker,False,links_to_bio,incomplete,needs_replacement,board_review_required,board_review,https://jrhof.org/inductees/don_shiverdecker/,True,"[""/Don_Shiverdecker/""]",True,True,False,Live archive uses a person-specific Missing placeholder image. Both available biography sources are incomplete.
3017,Don Stengel,Don Stengel,Don Stengel,True,Don_Stengel,don_stengel,2014,2014,Don_Stengel.jpg,True,https://jrhof.org/wp-content/uploads/2026/01/Dick_Reininger.webp,https://jrhof.org/wp-content/uploads/2026/01/Don_Stengel.webp,200,196,219,different-similar-length,https://jrhof.org/inductees/don_stengel/,https://jrhof.org/inductees/don_stengel/,200,200,Don Stengel,False,links_to_bio,materially_different,mismatched_featured_image,board_review_required,manually_merge,https://jrhof.org/inductees/don_stengel/,True,"[""/Don_Stengel/""]",True,False,False,WordPress export featured-media assignment appears to belong to another inductee; live card image may still be correct. Repository and WordPress biographies are materially different and similar in length.
3109,Doug Graham,Doug Graham,Doug Graham,True,Doug_Graham,doug_graham,2016,2016,Doug_Graham.jpg,True,https://jrhof.org/wp-content/uploads/2026/01/Dick_Yates.webp,https://jrhof.org/wp-content/uploads/2026/01/Doug_Graham.webp,200,105,157,wordpress-more-complete,https://jrhof.org/inductees/doug_graham/,https://jrhof.org/inductees/doug_graham/,200,200,Doug Graham,False,links_to_bio,complete,mismatched_featured_image,wordpress,use_wordpress_bio,https://jrhof.org/inductees/doug_graham/,True,"[""/Doug_Graham/""]",False,False,False,WordPress export featured-media assignment appears to belong to another inductee; live card image may still be correct. WordPress biography is materially more complete than repo version.
3014,Ed OConnor,Ed O'Connor,Ed OConnor,True,Ed_OConnor,ed_oconnor,2013,2013,Ed_OConnor.jpg,True,https://jrhof.org/wp-content/uploads/2026/01/Don_Carlsen.webp,https://jrhof.org/wp-content/uploads/2026/01/Ed_OConnor.webp,200,205,247,wordpress-more-complete,https://jrhof.org/inductees/ed_oconnor/,https://jrhof.org/inductees/ed_oconnor/,200,200,Ed O’Connor,False,links_to_bio,complete,mismatched_featured_image,wordpress,use_wordpress_bio,https://jrhof.org/inductees/ed_oconnor/,True,"[""/Ed_OConnor/""]",False,False,False,WordPress export featured-media assignment appears to belong to another inductee; live card image may still be correct. WordPress biography is materially more complete than repo version.
3107,Ed Tracy,Ed Tracy,Ed Tracy,True,Ed_Tracy,ed_tracy,Pre 1990,,Ed_Tracy.jpg,False,https://jrhof.org/wp-content/uploads/2026/01/Ed_Tracy_missing.webp,https://jrhof.org/wp-content/uploads/2026/01/Ed_Tracy_missing.webp,200,0,11,both-incomplete,https://jrhof.org/inductees/ed_tracy/,https://jrhof.org/inductees/ed_tracy/,200,200,Ed Tracy,False,links_to_bio,incomplete,needs_replacement,board_review_required,board_review,https://jrhof.org/inductees/ed_tracy/,True,"[""/Ed_Tracy/""]",True,True,False,Live archive uses a person-specific Missing placeholder image. Both available biography sources are incomplete.
3067,Ed Underwood,Ed Underwood,Ed Underwood,True,Ed_Underwood,ed_underwood,1997,1997,Ed_Underwood.jpg,True,https://jrhof.org/wp-content/uploads/2026/01/Ed_Underwood.webp,https://jrhof.org/wp-content/uploads/2026/01/Ed_Underwood.webp,200,196,212,different-similar-length,https://jrhof.org/inductees/ed_underwood/,https://jrhof.org/inductees/ed_underwood/,200,200,Ed Underwood,False,links_to_bio,materially_different,live_resolves,board_review_required,manually_merge,https://jrhof.org/inductees/ed_underwood/,True,"[""/Ed_Underwood/""]",True,False,False,Repository and WordPress biographies are materially different and similar in length.
3162,Edmund DHaillecourt,Edmund DHaillecourt,Edmund DHaillecourt,True,Edmund_DHaillecourt,edmund_dhaillecourt,Pre 1990,,Edmund_DHaillecourt.jpg,True,https://jrhof.org/wp-content/uploads/2026/01/Edmund_DHaillecourt_Missing.webp,https://jrhof.org/wp-content/uploads/2026/01/Edmund_DHaillecourt_Missing.webp,200,0,11,both-incomplete,https://jrhof.org/inductees/edmund_dhaillecourt/,https://jrhof.org/inductees/edmund_dhaillecourt/,200,200,Edmund DHaillecourt,False,links_to_bio,incomplete,needs_replacement,board_review_required,board_review,https://jrhof.org/inductees/edmund_dhaillecourt/,True,"[""/Edmund_DHaillecourt/""]",True,True,False,Live archive uses a person-specific Missing placeholder image. Both available biography sources are incomplete.
3018,Edward Stevens,Edward Stevens,Edward Stevens,True,Edward_Stevens,edward_stevens,1990,1990,Edward_Stevens.jpg,True,https://jrhof.org/wp-content/uploads/2026/01/Edward_Stevens.webp,https://jrhof.org/wp-content/uploads/2026/01/Edward_Stevens.webp,200,217,258,wordpress-more-complete,https://jrhof.org/inductees/edward_stevens/,https://jrhof.org/inductees/edward_stevens/,200,200,Edward Stevens,False,links_to_bio,complete,live_resolves,wordpress,use_wordpress_bio,https://jrhof.org/inductees/edward_stevens/,True,"[""/Edward_Stevens/""]",False,False,False,WordPress biography is materially more complete than repo version.
3053,Ernest Cavalieri,Ernest Cavalieri,Ernest Cavalieri,True,Ernest_Cavalieri,ernest_cavalieri,1993,1993,Ernest_Cavalieri.jpg,False,https://jrhof.org/wp-content/uploads/2026/01/Ernest_Cavalieri_Missing.webp,https://jrhof.org/wp-content/uploads/2026/01/Ernest_Cavalieri_Missing.webp,200,0,11,both-incomplete,https://jrhof.org/inductees/ernest_cavalieri/,https://jrhof.org/inductees/ernest_cavalieri/,200,200,Ernest Cavalieri,False,links_to_bio,incomplete,needs_replacement,board_review_required,board_review,https://jrhof.org/inductees/ernest_cavalieri/,True,"[""/Ernest_Cavalieri/""]",True,True,False,Live archive uses a person-specific Missing placeholder image. Both available biography sources are incomplete.
3158,Ernie Kozacek,Ernie Kozacek,Ernie Kozacek,True,Ernie_Kozacek,ernie_kozacek,2006,2006,Ernie_Kozacek.jpg,True,https://jrhof.org/wp-content/uploads/2026/01/Ernie_Kozacek.webp,https://jrhof.org/wp-content/uploads/2026/01/Ernie_Kozacek.webp,200,191,191,different-similar-length,https://jrhof.org/inductees/ernie_kozacek/,https://jrhof.org/inductees/ernie_kozacek/,200,200,Ernie Kozacek,False,links_to_bio,materially_different,live_resolves,board_review_required,manually_merge,https://jrhof.org/inductees/ernie_kozacek/,True,"[""/Ernie_Kozacek/""]",True,False,False,Repository and WordPress biographies are materially different and similar in length.
3026,Ernie Ortiz,Ernie Ortiz,Ernie Ortiz,True,Ernie_Ortiz,ernie_ortiz,2008,2008,Ernie_Ortiz.jpg,True,https://jrhof.org/wp-content/uploads/2026/01/Ernie_Ortiz.webp,https://jrhof.org/wp-content/uploads/2026/01/Ernie_Ortiz.webp,200,343,288,repo-more-complete,https://jrhof.org/inductees/ernie_ortiz/,https://jrhof.org/inductees/ernie_ortiz/,200,200,Ernie Ortiz,False,links_to_bio,complete,live_resolves,repo,use_repo_bio,https://jrhof.org/inductees/ernie_ortiz/,True,"[""/Ernie_Ortiz/""]",False,False,False,Repository biography is materially more complete than WordPress version.
3080,Ervin Douglas,Ervin Douglas,Ervin Douglas,True,Ervin_Douglas,ervin_douglas,Pre 1990,,Ervin_Douglas.jpg,True,https://jrhof.org/wp-content/uploads/2026/01/Ervin_Douglas_Missing.webp,https://jrhof.org/wp-content/uploads/2026/01/Ervin_Douglas_Missing.webp,200,0,11,both-incomplete,https://jrhof.org/inductees/ervin_douglas/,https://jrhof.org/inductees/ervin_douglas/,200,200,Ervin Douglas,False,links_to_bio,incomplete,needs_replacement,board_review_required,board_review,https://jrhof.org/inductees/ervin_douglas/,True,"[""/Ervin_Douglas/""]",True,True,False,Live archive uses a person-specific Missing placeholder image. Both available biography sources are incomplete.
3112,Francis Ford,Francis Ford,Francis Ford,True,Francis_Ford,francis_ford,1992,1992,Francis_Ford.jpg,False,https://jrhof.org/wp-content/uploads/2026/01/Francis_Ford_Missing.webp,https://jrhof.org/wp-content/uploads/2026/01/Francis_Ford_Missing.webp,200,0,11,both-incomplete,https://jrhof.org/inductees/francis_ford/,,,200,Francis Ford,False,no_link,incomplete,needs_replacement,board_review_required,board_review,https://jrhof.org/inductees/francis_ford/,True,"[""/Francis_Ford/""]",True,True,True,Live archive card has no anchor/link. Live archive uses a person-specific Missing placeholder image. Both available biography sources are incomplete.
3070,Frank DeAngelis,Frank DeAngelis,Frank DeAngelis,True,Frank_DeAngelis,frank_deangelis,2009,2009,Frank_DeAngelis.jpg,True,https://jrhof.org/wp-content/uploads/2026/01/Edward_Stevens.webp,https://jrhof.org/wp-content/uploads/2026/01/Frank_DeAngelis.webp,200,407,425,different-similar-length,https://jrhof.org/inductees/frank_deangelis/,https://jrhof.org/inductees/frank_deangelis/,200,200,Frank DeAngelis,False,links_to_bio,materially_different,mismatched_featured_image,board_review_required,manually_merge,https://jrhof.org/inductees/frank_deangelis/,True,"[""/Frank_DeAngelis/""]",True,False,False,WordPress export featured-media assignment appears to belong to another inductee; live card image may still be correct. Repository and WordPress biographies are materially different and similar in length.
3002,Frank Messenger,Frank Messenger,Frank Messenger,True,Frank_Messenger,frank_messenger,2000,2000,Frank_Messenger.jpg,True,https://jrhof.org/wp-content/uploads/2026/01/Frank_Messenger.webp,https://jrhof.org/wp-content/uploads/2026/01/Frank_Messenger.webp,200,335,302,different-similar-length,https://jrhof.org/inductees/frank_messenger/,https://jrhof.org/inductees/frank_messenger/,200,200,Frank Messenger,False,links_to_bio,materially_different,live_resolves,board_review_required,manually_merge,https://jrhof.org/inductees/frank_messenger/,True,"[""/Frank_Messenger/""]",True,False,False,Repository and WordPress biographies are materially different and similar in length.
3057,Frank Prentup,Frank Prentup,Frank Prentup,True,Frank_Prentup,frank_prentup,Pre 1990,,Frank_Prentup.jpg,True,https://jrhof.org/wp-content/uploads/2026/01/Frank_Prentup.webp,https://jrhof.org/wp-content/uploads/2026/01/Frank_Prentup.webp,200,451,378,repo-more-complete,https://jrhof.org/inductees/frank_prentup/,https://jrhof.org/inductees/frank_prentup/,200,200,Frank Prentup,False,links_to_bio,complete,live_resolves,repo,use_repo_bio,https://jrhof.org/inductees/frank_prentup/,True,"[""/Frank_Prentup/""]",False,False,False,Repository biography is materially more complete than WordPress version.
3030,Frank Zele,Frank Zele,Frank Zele,True,Frank_Zele,frank_zele,1990,1990,Frank_Zele.jpg,False,https://jrhof.org/wp-content/uploads/2026/01/Frank_Zele_Missing.webp,https://jrhof.org/wp-content/uploads/2026/01/Frank_Zele_Missing.webp,200,92,128,wordpress-more-complete,https://jrhof.org/inductees/frank_zele/,https://jrhof.org/inductees/frank_zele/,200,200,Frank Zele,False,links_to_bio,complete,needs_replacement,wordpress,fix_media,https://jrhof.org/inductees/frank_zele/,True,"[""/Frank_Zele/""]",False,True,False,Live archive uses a person-specific Missing placeholder image. WordPress biography is materially more complete than repo version.
3101,Fred Zuercher,Fred Zuercher,Fred Zuercher,True,Fred_Zuercher,fred_zuercher,2026,2026,Fred_Zuercher.jpg,True,https://jrhof.org/wp-content/uploads/2026/01/Fred_Zuercher.webp,https://jrhof.org/wp-content/uploads/2026/01/Fred_Zuercher.webp,200,9,606,wordpress-more-complete,https://jrhof.org/inductees/fred_zuercher/,https://jrhof.org/inductees/fred_zuercher/,200,200,Fred Zuercher,False,links_to_bio,complete,live_resolves,wordpress,use_wordpress_bio,https://jrhof.org/inductees/fred_zuercher/,True,"[""/Fred_Zuercher/""]",False,False,False,WordPress biography is materially more complete than repo version.
3157,Fritz Johnstone,Fritz Johnstone,Fritz Johnstone,True,Fritz_Johnstone,fritz_johnstone,2010,2010,Fritz_Johnstone.jpg,True,,https://jrhof.org/wp-content/uploads/2026/01/Fritz_Johnstone.webp,200,214,245,different-similar-length,https://jrhof.org/inductees/fritz_johnstone/,https://jrhof.org/inductees/fritz_johnstone/,200,200,Fritz Johnstone,False,links_to_bio,materially_different,live_resolves,board_review_required,manually_merge,https://jrhof.org/inductees/fritz_johnstone/,True,"[""/Fritz_Johnstone/""]",True,False,False,Repository and WordPress biographies are materially different and similar in length.
3005,Gary Baker,Gary Baker,Gary Baker,True,Gary_Baker,gary_baker,2003,2003,Gary_Baker.jpg,True,https://jrhof.org/wp-content/uploads/2026/01/Gary_Baker.webp,https://jrhof.org/wp-content/uploads/2026/01/Gary_Baker.webp,200,170,206,wordpress-more-complete,https://jrhof.org/inductees/gary_baker/,https://jrhof.org/inductees/gary_baker/,200,200,Gary Baker,False,links_to_bio,complete,live_resolves,wordpress,use_wordpress_bio,https://jrhof.org/inductees/gary_baker/,True,"[""/Gary_Baker/""]",False,False,False,WordPress biography is materially more complete than repo version.
3106,Gene Bunnelle,Gene Bunnelle,Gene Bunnelle,True,Gene_Bunnelle,gene_bunnelle,1990,1990,Gene_Bunnelle.jpg,True,https://jrhof.org/wp-content/uploads/2026/01/Gene_Bunnelle.webp,https://jrhof.org/wp-content/uploads/2026/01/Gene_Bunnelle.webp,200,216,217,different-similar-length,https://jrhof.org/inductees/gene_bunnelle/,https://jrhof.org/inductees/gene_bunnelle/,200,200,Gene Bunnelle,False,links_to_bio,materially_different,live_resolves,board_review_required,manually_merge,https://jrhof.org/inductees/gene_bunnelle/,True,"[""/Gene_Bunnelle/""]",True,False,False,Repository and WordPress biographies are materially different and similar in length.
3022,Gene Rozelle,Gene_Rozelle,,False,Gene_Rozelle,gene_rozelle,Pre 1990,,Gene_Rozelle.jpg,True,,,,190,188,substantively-same,https://jrhof.org/gene_rozelle/,,,200,"Hall of Fame Inductee Gene Rozelle — Grand Junction, Colorado",False,no_link,complete,verified,merged_candidate,fix_live_link,https://jrhof.org/gene_rozelle/,False,"[""/Gene_Rozelle/""]",False,False,True,Not visible on live /inductees/ archive.
3064,George Demetriou,George Demetriou,George Demetriou,True,George_Demetriou,george_demetriou,2026,2026,George_Demetriou.jpg,True,https://jrhof.org/wp-content/uploads/2026/01/George_Demetriou.webp,https://jrhof.org/wp-content/uploads/2026/01/George_Demetriou.webp,200,9,483,wordpress-more-complete,https://jrhof.org/inductees/george_demetriou/,https://jrhof.org/inductees/george_demetriou/,200,200,George Demetriou,False,links_to_bio,complete,live_resolves,wordpress,use_wordpress_bio,https://jrhof.org/inductees/george_demetriou/,True,"[""/George_Demetriou/""]",False,False,False,WordPress biography is materially more complete than repo version.
3143,George Theodore,George Theodore,George Theodore,True,George_Theodore,george_theodore,Pre 1990,,George_Theodore.jpg,False,https://jrhof.org/wp-content/uploads/2026/01/George_Theodore_Missing.webp,https://jrhof.org/wp-content/uploads/2026/01/George_Theodore_Missing.webp,200,0,11,both-incomplete,https://jrhof.org/inductees/george_theodore/,https://jrhof.org/inductees/george_theodore/,200,200,George Theodore,False,links_to_bio,incomplete,needs_replacement,board_review_required,board_review,https://jrhof.org/inductees/george_theodore/,True,"[""/George_Theodore/""]",True,True,False,Live archive uses a person-specific Missing placeholder image. Both available biography sources are incomplete.
3160,Gordon Cooper,Gordon Cooper,Gordon Cooper,True,Gordon_Cooper,gordon_cooper,2002,2002,Gordon_Cooper.jpg,True,https://jrhof.org/wp-content/uploads/2026/01/Gordon_Cooper.webp,https://jrhof.org/wp-content/uploads/2026/01/Gordon_Cooper.webp,200,281,297,different-similar-length,https://jrhof.org/inductees/gordon_cooper/,https://jrhof.org/inductees/gordon_cooper/,200,200,Gordon Cooper,False,links_to_bio,materially_different,live_resolves,board_review_required,manually_merge,https://jrhof.org/inductees/gordon_cooper/,True,"[""/Gordon_Cooper/""]",True,False,False,Repository and WordPress biographies are materially different and similar in length.
3054,H_R Phillips,H.R. Phillips,H.R. Phillips,True,H_R_Phillips,h_r_phillips,Pre 1990,,H_R_Phillips.jpg,True,https://jrhof.org/wp-content/uploads/2026/01/H_R_Phillips.webp,https://jrhof.org/wp-content/uploads/2026/01/H_R_Phillips.webp,200,128,195,wordpress-more-complete,https://jrhof.org/inductees/h_r_phillips/,https://jrhof.org/inductees/h_r_phillips/,200,200,H.R. Phillips,False,links_to_bio,complete,live_resolves,wordpress,use_wordpress_bio,https://jrhof.org/inductees/h_r_phillips/,True,"[""/H_R_Phillips/""]",False,False,False,WordPress biography is materially more complete than repo version.
3114,Harry Wise,Harry Wise,Harry Wise,True,Harry_Wise,harry_wise,1992,1992,Harry_Wise.jpg,True,https://jrhof.org/wp-content/uploads/2026/01/Harry_Wise.webp,https://jrhof.org/wp-content/uploads/2026/01/Harry_Wise.webp,200,266,282,different-similar-length,https://jrhof.org/inductees/harry_wise/,https://jrhof.org/inductees/harry_wise/,200,200,Harry Wise,False,links_to_bio,materially_different,live_resolves,board_review_required,manually_merge,https://jrhof.org/inductees/harry_wise/,True,"[""/Harry_Wise/""]",True,False,False,Repository and WordPress biographies are materially different and similar in length.
2971,Howard Dunbar,Howard Dunbar,Howard Dunbar,True,Howard_Dunbar,howard_dunbar,1997,1997,Howard_Dunbar.jpg,False,https://jrhof.org/wp-content/uploads/2026/01/Howard_Dunbar_Missing.webp,https://jrhof.org/wp-content/uploads/2026/01/Howard_Dunbar_Missing.webp,200,219,203,different-similar-length,https://jrhof.org/inductees/howard_dunbar/,https://jrhof.org/inductees/howard_dunbar/,200,200,Howard Dunbar,False,links_to_bio,materially_different,needs_replacement,board_review_required,manually_merge,https://jrhof.org/inductees/howard_dunbar/,True,"[""/Howard_Dunbar/""]",True,True,False,Live archive uses a person-specific Missing placeholder image. Repository and WordPress biographies are materially different and similar in length.
3008,Howard Wentz,Howard Wentz,Howard Wentz,True,Howard_Wentz,howard_wentz,1997,1997,Howard_Wentz.jpg,True,https://jrhof.org/wp-content/uploads/2026/01/Howard_Wentz.webp,https://jrhof.org/wp-content/uploads/2026/01/Howard_Wentz.webp,200,210,229,different-similar-length,https://jrhof.org/inductees/howard_wentz/,https://jrhof.org/inductees/howard_wentz/,200,200,Howard Wentz,False,links_to_bio,materially_different,live_resolves,board_review_required,manually_merge,https://jrhof.org/inductees/howard_wentz/,True,"[""/Howard_Wentz/""]",True,False,False,Repository and WordPress biographies are materially different and similar in length.
3125,Irv Brown,Irv Brown,Irv Brown,True,Irv_Brown,irv_brown,2009,2009,Irv_Brown.jpg,True,https://jrhof.org/wp-content/uploads/2026/01/Irv_Brown.webp,https://jrhof.org/wp-content/uploads/2026/01/Irv_Brown.webp,200,363,417,different-similar-length,https://jrhof.org/inductees/irv_brown/,https://jrhof.org/inductees/irv_brown/,200,200,Irv Brown,False,links_to_bio,materially_different,live_resolves,board_review_required,manually_merge,https://jrhof.org/inductees/irv_brown/,True,"[""/Irv_Brown/""]",True,False,False,Repository and WordPress biographies are materially different and similar in length.
3137,Irv Moss,Irv Moss,Irv Moss,True,Irv_Moss,irv_moss,1990,1990,Irv_Moss.jpg,True,https://jrhof.org/wp-content/uploads/2026/01/Irv_Moss.webp,https://jrhof.org/wp-content/uploads/2026/01/Irv_Moss.webp,200,279,268,different-similar-length,https://jrhof.org/inductees/irv_moss/,,,200,Irv Moss,False,no_link,materially_different,live_resolves,board_review_required,manually_merge,https://jrhof.org/inductees/irv_moss/,True,"[""/Irv_Moss/""]",True,False,True,Live archive card has no anchor/link. Repository and WordPress biographies are materially different and similar in length.
2970,Jack Smith,Jack Smith,Jack Smith,True,Jack_Smith,jack_smith,2011,2011,Jack_Smith.jpg,True,https://jrhof.org/wp-content/uploads/2026/01/Harry_Wise.webp,https://jrhof.org/wp-content/uploads/2026/01/Jack_Smith.webp,200,188,237,wordpress-more-complete,https://jrhof.org/inductees/jack_smith/,https://jrhof.org/inductees/jack_smith/,200,200,Jack Smith,False,links_to_bio,complete,mismatched_featured_image,wordpress,use_wordpress_bio,https://jrhof.org/inductees/jack_smith/,True,"[""/Jack_Smith/""]",False,False,False,WordPress export featured-media assignment appears to belong to another inductee; live card image may still be correct. WordPress biography is materially more complete than repo version.
3141,James Roorda,James Roorda,James Roorda,True,James_Roorda,james_roorda,Pre 1990,,James_Roorda.jpg,True,https://jrhof.org/wp-content/uploads/2026/01/James_Roorda.webp,https://jrhof.org/wp-content/uploads/2026/01/James_Roorda.webp,200,186,191,different-similar-length,https://jrhof.org/inductees/james_roorda/,https://jrhof.org/inductees/james_roorda/,200,200,James Roorda,False,links_to_bio,materially_different,live_resolves,board_review_required,manually_merge,https://jrhof.org/inductees/james_roorda/,True,"[""/James_Roorda/""]",True,False,False,Repository and WordPress biographies are materially different and similar in length.
3007,Jim Darden,Jim Darden,Jim Darden,True,Jim_Darden,jim_darden,1994,1994,Jim_Darden.jpg,True,https://jrhof.org/wp-content/uploads/2026/01/Jim_Darden.webp,https://jrhof.org/wp-content/uploads/2026/01/Jim_Darden.webp,200,398,347,different-similar-length,https://jrhof.org/inductees/jim_darden/,https://jrhof.org/inductees/jim_darden/,200,200,Jim Darden,False,links_to_bio,materially_different,live_resolves,board_review_required,manually_merge,https://jrhof.org/inductees/jim_darden/,True,"[""/Jim_Darden/""]",True,False,False,Repository and WordPress biographies are materially different and similar in length.
3133,Jim Dorsey,Jim Dorsey,Jim Dorsey,True,Jim_Dorsey,jim_dorsey,1996,1996,Jim_Dorsey.jpg,True,https://jrhof.org/wp-content/uploads/2026/01/Jim_Dorsey.webp,https://jrhof.org/wp-content/uploads/2026/01/Jim_Dorsey.webp,200,114,142,wordpress-more-complete,https://jrhof.org/inductees/jim_dorsey/,https://jrhof.org/inductees/jim_dorsey/,200,200,Jim Dorsey,False,links_to_bio,complete,live_resolves,wordpress,use_wordpress_bio,https://jrhof.org/inductees/jim_dorsey/,True,"[""/Jim_Dorsey/""]",False,False,False,WordPress biography is materially more complete than repo version.
3051,Jim Jenkins,Jim Jenkins,Jim Jenkins,True,Jim_Jenkins,jim_jenkins,2002,2002,Jim_Jenkins.jpg,True,https://jrhof.org/wp-content/uploads/2026/01/Jim_Jenkins.webp,https://jrhof.org/wp-content/uploads/2026/01/Jim_Jenkins.webp,200,258,263,different-similar-length,https://jrhof.org/inductees/jim_jenkins/,https://jrhof.org/inductees/jim_jenkins/,200,200,Jim Jenkins,False,links_to_bio,materially_different,live_resolves,board_review_required,manually_merge,https://jrhof.org/inductees/jim_jenkins/,True,"[""/Jim_Jenkins/""]",True,False,False,Repository and WordPress biographies are materially different and similar in length.
1235,Jim Paronto,Jim Paronto,Jim Paronto,True,Jim_Paronto,jim_paronto,2024,2024,Jim_Paronto.jpg,True,https://jrhof.org/wp-content/uploads/2026/01/Jack_Smith.webp,https://jrhof.org/wp-content/uploads/2026/01/Jim_Paronto.webp,200,385,391,different-similar-length,https://jrhof.org/inductees/jim_paronto/,https://jrhof.org/inductees/jim_paronto/,200,200,Jim Paronto,False,links_to_bio,materially_different,mismatched_featured_image,board_review_required,manually_merge,https://jrhof.org/inductees/jim_paronto/,True,"[""/Jim_Paronto/""]",True,False,False,WordPress export featured-media assignment appears to belong to another inductee; live card image may still be correct. Repository and WordPress biographies are materially different and similar in length.
3029,Jim Schaefer,Jim Schaefer,Jim Schaefer,True,Jim_Schaefer,jim_schaefer,2004,2004,Jim_Schaefer.jpg,True,https://jrhof.org/wp-content/uploads/2026/01/Jim_Schaefer.webp,https://jrhof.org/wp-content/uploads/2026/01/Jim_Schaefer.webp,200,408,398,different-similar-length,https://jrhof.org/inductees/jim_schaefer/,https://jrhof.org/inductees/jim_schaefer/,200,200,Jim Schaefer,False,links_to_bio,materially_different,live_resolves,board_review_required,manually_merge,https://jrhof.org/inductees/jim_schaefer/,True,"[""/Jim_Schaefer/""]",True,False,False,Repository and WordPress biographies are materially different and similar in length.
2980,Joe Bellich,Joe Bellich,Joe Bellich,True,Joe_Bellich,joe_bellich,Pre 1990,,Joe_Bellich.jpg,True,https://jrhof.org/wp-content/uploads/2026/01/Joe_Bellich_Missing.webp,https://jrhof.org/wp-content/uploads/2026/01/Joe_Bellich_Missing.webp,200,0,11,both-incomplete,https://jrhof.org/inductees/joe_bellich/,https://jrhof.org/inductees/joe_bellich/,200,200,Joe Bellich,False,links_to_bio,incomplete,needs_replacement,board_review_required,board_review,https://jrhof.org/inductees/joe_bellich/,True,"[""/Joe_Bellich/""]",True,True,False,Live archive uses a person-specific Missing placeholder image. Both available biography sources are incomplete.
3103,Joe Bonacquista,Joe Bonacquista,Joe Bonacquista,True,Joe_Bonacquista,joe_bonacquista,2023,2023,Joe_Bonacquista.jpg,True,https://jrhof.org/wp-content/uploads/2026/01/Jim_Jenkins.webp,https://jrhof.org/wp-content/uploads/2026/01/Joe_Bonacquista.webp,200,493,499,different-similar-length,https://jrhof.org/inductees/joe_bonacquista/,https://jrhof.org/inductees/joe_bonacquista/,200,200,Joe Bonacquista,False,links_to_bio,materially_different,mismatched_featured_image,board_review_required,manually_merge,https://jrhof.org/inductees/joe_bonacquista/,True,"[""/Joe_Bonacquista/""]",True,False,False,WordPress export featured-media assignment appears to belong to another inductee; live card image may still be correct. Repository and WordPress biographies are materially different and similar in length.
3059,Joe Brooks,Joe Brooks,Joe Brooks,True,Joe_Brooks,joe_brooks,1992,1992,Joe_Brooks.jpg,False,https://jrhof.org/wp-content/uploads/2026/01/Joe_Brooks_Missing.webp,https://jrhof.org/wp-content/uploads/2026/01/Joe_Brooks_Missing.webp,200,0,11,both-incomplete,https://jrhof.org/inductees/joe_brooks/,https://jrhof.org/inductees/joe_brooks/,200,200,Joe Brooks,False,links_to_bio,incomplete,needs_replacement,board_review_required,board_review,https://jrhof.org/inductees/joe_brooks/,True,"[""/Joe_Brooks/""]",True,True,False,Live archive uses a person-specific Missing placeholder image. Both available biography sources are incomplete.
3012,Joe Maciel,Joe Maciel,Joe Maciel,True,Joe_Maciel,joe_maciel,1998,1998,Joe_Maciel.jpg,False,https://jrhof.org/wp-content/uploads/2026/01/Joe_Maciel_Missing.webp,https://jrhof.org/wp-content/uploads/2026/01/Joe_Maciel_Missing.webp,200,165,180,different-similar-length,https://jrhof.org/inductees/joe_maciel/,https://jrhof.org/inductees/joe_maciel/,200,200,Joe Maciel,False,links_to_bio,materially_different,needs_replacement,board_review_required,manually_merge,https://jrhof.org/inductees/joe_maciel/,True,"[""/Joe_Maciel/""]",True,True,False,Live archive uses a person-specific Missing placeholder image. Repository and WordPress biographies are materially different and similar in length.
1120,Joe Rossi,Joe Rossi,Joe Rossi,True,Joe_Rossi,joe-rossi,1996,1996,Joe_Rossi.jpg,True,https://jrhof.org/wp-content/uploads/2026/01/Joe_Rossi.webp,https://jrhof.org/wp-content/uploads/2026/01/Joe_Rossi.webp,200,118,156,wordpress-more-complete,https://jrhof.org/inductees/joe-rossi/,https://jrhof.org/inductees/joe-rossi/,200,200,Joe Rossi,False,links_to_bio,complete,live_resolves,wordpress,use_wordpress_bio,https://jrhof.org/inductees/joe-rossi/,True,"[""/Joe_Rossi/""]",False,False,False,WordPress biography is materially more complete than repo version.
3082,Joey Borjon,Joey Borjon,Joey Borjon,True,Joey_Borjon,joey_borjon,2023,2023,Joey_Borjon.jpg,True,,https://jrhof.org/wp-content/uploads/2026/01/Joey_Borjon.webp,200,253,325,wordpress-more-complete,https://jrhof.org/inductees/joey_borjon/,https://jrhof.org/inductees/joey_borjon/,200,200,Joey Borjon,False,links_to_bio,complete,live_resolves,wordpress,use_wordpress_bio,https://jrhof.org/inductees/joey_borjon/,True,"[""/Joey_Borjon/""]",False,False,False,WordPress biography is materially more complete than repo version.
3048,John DeSiato,John DeSiato,John DeSiato,True,John_DeSiato,john_desiato,1992,1992,John_DeSiato.jpg,True,https://jrhof.org/wp-content/uploads/2026/01/John_DeSiato.webp,https://jrhof.org/wp-content/uploads/2026/01/John_DeSiato.webp,200,220,242,different-similar-length,https://jrhof.org/inductees/john_desiato/,https://jrhof.org/inductees/john_desiato/,200,200,John DeSiato,False,links_to_bio,materially_different,live_resolves,board_review_required,manually_merge,https://jrhof.org/inductees/john_desiato/,True,"[""/John_DeSiato/""]",True,False,False,Repository and WordPress biographies are materially different and similar in length.
2974,John Walsh,John Walsh,John Walsh,True,John_Walsh,john_walsh,2012,2012,John_Walsh.jpg,True,https://jrhof.org/wp-content/uploads/2026/01/Joe_Brooks_Missing.webp,https://jrhof.org/wp-content/uploads/2026/01/John_Walsh.webp,200,223,233,different-similar-length,https://jrhof.org/inductees/john_walsh/,https://jrhof.org/inductees/john_walsh/,200,200,John Walsh,False,links_to_bio,materially_different,mismatched_featured_image,board_review_required,manually_merge,https://jrhof.org/inductees/john_walsh/,True,"[""/John_Walsh/""]",True,False,False,WordPress export featured-media assignment appears to belong to another inductee; live card image may still be correct. Repository and WordPress biographies are materially different and similar in length.
2975,John Wenglass,John Wenglass,John Wenglass,True,John_Wenglass,john_wenglass,1987,1987,John_Wenglass.jpg,False,https://jrhof.org/wp-content/uploads/2026/01/Joe_Maciel_Missing.webp,https://jrhof.org/wp-content/uploads/2026/01/John_Wenglass_Missing.webp,200,0,11,both-incomplete,https://jrhof.org/inductees/john_wenglass/,https://jrhof.org/inductees/john_wenglass/,200,200,John Wenglass,False,links_to_bio,incomplete,needs_replacement,board_review_required,board_review,https://jrhof.org/inductees/john_wenglass/,True,"[""/John_Wenglass/""]",True,True,False,Live archive uses a person-specific Missing placeholder image. WordPress export featured-media assignment appears to belong to another inductee; live card image may still be correct. Both available biography sources are incomplete.
3089,Joseph Massaro,Joseph Massaro,Joseph Massaro,True,Joseph_Massaro,joseph_massaro,2006,2006,Joseph_Massaro.jpg,True,https://jrhof.org/wp-content/uploads/2026/01/Joseph_Massaro.webp,https://jrhof.org/wp-content/uploads/2026/01/Joseph_Massaro.webp,200,411,398,different-similar-length,https://jrhof.org/inductees/joseph_massaro/,https://jrhof.org/inductees/joseph_massaro/,200,200,Joseph Massaro,False,links_to_bio,materially_different,live_resolves,board_review_required,manually_merge,https://jrhof.org/inductees/joseph_massaro/,True,"[""/Joseph_Massaro/""]",True,False,False,Repository and WordPress biographies are materially different and similar in length.
2985,Julius Carabello,Julius Carabello,Julius Carabello,True,Julius_Carabello,julius_carabello,1990,1990,Julius_Carabello.jpg,True,https://jrhof.org/wp-content/uploads/2026/01/Joey_Borjon.webp,https://jrhof.org/wp-content/uploads/2026/01/Julius_Carabello.webp,200,585,400,repo-more-complete,https://jrhof.org/inductees/julius_carabello/,,,200,Julius Carabello,False,no_link,complete,mismatched_featured_image,repo,fix_live_link,https://jrhof.org/inductees/julius_carabello/,True,"[""/Julius_Carabello/""]",False,False,True,Live archive card has no anchor/link. WordPress export featured-media assignment appears to belong to another inductee; live card image may still be correct. Repository biography is materially more complete than WordPress version.
3009,Keith Bailey,Keith Bailey,Keith Bailey,True,Keith_Bailey,keith_bailey,2016,2016,Keith_Bailey.jpg,True,https://jrhof.org/wp-content/uploads/2026/01/John_DeSiato.webp,https://jrhof.org/wp-content/uploads/2026/01/Keith_Bailey.webp,200,508,499,different-similar-length,https://jrhof.org/inductees/keith_bailey/,https://jrhof.org/inductees/keith_bailey/,200,200,Keith Bailey,False,links_to_bio,materially_different,mismatched_featured_image,board_review_required,manually_merge,https://jrhof.org/inductees/keith_bailey/,True,"[""/Keith_Bailey/""]",True,False,False,WordPress export featured-media assignment appears to belong to another inductee; live card image may still be correct. Repository and WordPress biographies are materially different and similar in length.
3027,Ken Furman,Ken Furman,Ken Furman,True,Ken_Furman,ken_furman,1998,1998,Ken_Furman.jpg,True,https://jrhof.org/wp-content/uploads/2026/01/Ken_Furman.webp,https://jrhof.org/wp-content/uploads/2026/01/Ken_Furman.webp,200,391,326,repo-more-complete,https://jrhof.org/inductees/ken_furman/,https://jrhof.org/inductees/ken_furman/,200,200,Ken Furman,False,links_to_bio,complete,live_resolves,repo,use_repo_bio,https://jrhof.org/inductees/ken_furman/,True,"[""/Ken_Furman/""]",False,False,False,Repository biography is materially more complete than WordPress version.
3146,Ken Zetner,Ken Zetner,Ken Zetner,True,Ken_Zetner,ken_zetner,Pre 1990,,Ken_Zetner.jpg,False,https://jrhof.org/wp-content/uploads/2026/01/Ken_Zetner_Missing.webp,https://jrhof.org/wp-content/uploads/2026/01/Ken_Zetner_Missing.webp,200,0,11,both-incomplete,https://jrhof.org/inductees/ken_zetner/,,,200,Ken Zetner,False,no_link,incomplete,needs_replacement,board_review_required,board_review,https://jrhof.org/inductees/ken_zetner/,True,"[""/Ken_Zetner/""]",True,True,True,Live archive card has no anchor/link. Live archive uses a person-specific Missing placeholder image. Both available biography sources are incomplete.
3044,Lee Rosa,Lee Rosa,Lee Rosa,True,Lee_Rosa,lee_rosa,2016,2016,Lee_Rosa.jpg,True,https://jrhof.org/wp-content/uploads/2026/01/Joseph_Massaro.webp,https://jrhof.org/wp-content/uploads/2026/01/Lee_Rosa.webp,200,196,218,different-similar-length,https://jrhof.org/inductees/lee_rosa/,https://jrhof.org/inductees/lee_rosa/,200,200,Lee Rosa,False,links_to_bio,materially_different,mismatched_featured_image,board_review_required,manually_merge,https://jrhof.org/inductees/lee_rosa/,True,"[""/Lee_Rosa/""]",True,False,False,WordPress export featured-media assignment appears to belong to another inductee; live card image may still be correct. Repository and WordPress biographies are materially different and similar in length.
2988,Leo Bahl,Leo Bahl,Leo Bahl,True,Leo_Bahl,leo_bahl,1990,1990,Leo_Bahl.jpg,True,https://jrhof.org/wp-content/uploads/2026/01/Julius_Carabello.webp,https://jrhof.org/wp-content/uploads/2026/01/Leo_Bahl.webp,200,249,257,different-similar-length,https://jrhof.org/inductees/leo_bahl/,,,200,Leo Bahl,False,no_link,materially_different,mismatched_featured_image,board_review_required,manually_merge,https://jrhof.org/inductees/leo_bahl/,True,"[""/Leo_Bahl/""]",True,False,True,Live archive card has no anchor/link. WordPress export featured-media assignment appears to belong to another inductee; live card image may still be correct. Repository and WordPress biographies are materially different and similar in length.
3095,Leonard Varriano,Leonard Varriano,Leonard Varriano,True,Leonard_Varriano,leonard_varriano,2012,2012,Leonard_Varriano.jpg,True,https://jrhof.org/wp-content/uploads/2026/01/Keith_Bailey.webp,https://jrhof.org/wp-content/uploads/2026/01/Leonard_Varriano.webp,200,182,239,wordpress-more-complete,https://jrhof.org/inductees/leonard_varriano/,https://jrhof.org/inductees/leonard_varriano/,200,200,Leonard Varriano,False,links_to_bio,complete,mismatched_featured_image,wordpress,use_wordpress_bio,https://jrhof.org/inductees/leonard_varriano/,True,"[""/Leonard_Varriano/""]",False,False,False,WordPress export featured-media assignment appears to belong to another inductee; live card image may still be correct. WordPress biography is materially more complete than repo version.
3001,Leroy Garzonio,Leroy Garzonio,Leroy Garzonio,True,Leroy_Garzonio,leroy_garzonio,2000,2000,Leroy_Garzonio.jpg,False,https://jrhof.org/wp-content/uploads/2026/01/Leroy_Garzonio_Missing.webp,https://jrhof.org/wp-content/uploads/2026/01/Leroy_Garzonio_Missing.webp,200,374,669,wordpress-more-complete,https://jrhof.org/inductees/leroy_garzonio/,https://jrhof.org/inductees/leroy_garzonio/,200,200,Leroy Garzonio,False,links_to_bio,complete,needs_replacement,wordpress,fix_media,https://jrhof.org/inductees/leroy_garzonio/,True,"[""/Leroy_Garzonio/""]",False,True,False,Live archive uses a person-specific Missing placeholder image. WordPress biography is materially more complete than repo version.
2984,Lou Nedbalski,Lou Nedbalski,Lou Nedbalski,True,Lou_Nedbalski,lou_nedbalski,1994,1994,Lou_Nedbalski.jpg,True,https://jrhof.org/wp-content/uploads/2026/01/Lou_Nedbalski.webp,https://jrhof.org/wp-content/uploads/2026/01/Lou_Nedbalski.webp,200,500,359,repo-more-complete,https://jrhof.org/inductees/lou_nedbalski/,https://jrhof.org/inductees/lou_nedbalski/,200,200,Lou Nedbalski,False,links_to_bio,complete,live_resolves,repo,use_repo_bio,https://jrhof.org/inductees/lou_nedbalski/,True,"[""/Lou_Nedbalski/""]",False,False,False,Repository biography is materially more complete than WordPress version.
3093,Lou Nolin,Lou Nolin,Lou Nolin,True,Lou_Nolin,lou_nolin,1990,1990,Lou_Nolin.jpg,False,,https://jrhof.org/wp-content/uploads/2026/01/Lou_Nolin_Missing.webp,200,0,11,both-incomplete,https://jrhof.org/inductees/lou_nolin/,,,200,Lou Nolin,False,no_link,incomplete,needs_replacement,board_review_required,board_review,https://jrhof.org/inductees/lou_nolin/,True,"[""/Lou_Nolin/""]",True,True,True,Live archive card has no anchor/link. Live archive uses a person-specific Missing placeholder image. Both available biography sources are incomplete.
3135,Lou Spector,Lou Spector,Lou Spector,True,Lou_Spector,lou_spector,Pre 1990,,Lou_Spector.jpg,False,https://jrhof.org/wp-content/uploads/2026/01/Lou_Spector_Missing.webp,https://jrhof.org/wp-content/uploads/2026/01/Lou_Spector_Missing.webp,200,0,11,both-incomplete,https://jrhof.org/inductees/lou_spector/,,,200,Lou Spector,False,no_link,incomplete,needs_replacement,board_review_required,board_review,https://jrhof.org/inductees/lou_spector/,True,"[""/Lou_Spector/""]",True,True,True,Live archive card has no anchor/link. Live archive uses a person-specific Missing placeholder image. Both available biography sources are incomplete.
2972,Manual Boody,Manual Boody,Manual Boody,True,Manual_Boody,manual_boody,Pre 1990,,Manual_Boody.jpg,True,https://jrhof.org/wp-content/uploads/2026/01/Manual_Boody.webp,https://jrhof.org/wp-content/uploads/2026/01/Manual_Boody.webp,200,106,132,wordpress-more-complete,https://jrhof.org/inductees/manual_boody/,https://jrhof.org/inductees/manual_boody/,200,200,Manual Boody,False,links_to_bio,complete,live_resolves,wordpress,use_wordpress_bio,https://jrhof.org/inductees/manual_boody/,True,"[""/Manual_Boody/""]",False,False,False,WordPress biography is materially more complete than repo version.
3088,Mark Denzin,Mark Denzin,Mark Denzin,True,Mark_Denzin,mark_denzin,2014,2014,Mark_Denzin.jpg,True,https://jrhof.org/wp-content/uploads/2026/01/Leroy_Garzonio_Missing.webp,https://jrhof.org/wp-content/uploads/2026/01/Mark_Denzin.webp,200,317,400,wordpress-more-complete,https://jrhof.org/inductees/mark_denzin/,https://jrhof.org/inductees/mark_denzin/,200,200,Mark Denzin,False,links_to_bio,complete,mismatched_featured_image,wordpress,use_wordpress_bio,https://jrhof.org/inductees/mark_denzin/,True,"[""/Mark_Denzin/""]",False,False,False,WordPress export featured-media assignment appears to belong to another inductee; live card image may still be correct. WordPress biography is materially more complete than repo version.
3020,Mark Junge,Mark Junge,Mark Junge,True,Mark_Junge,mark_junge,1991,1991,Mark_Junge.jpg,False,https://jrhof.org/wp-content/uploads/2026/01/Mark_Junge_Missing.webp,https://jrhof.org/wp-content/uploads/2026/01/Mark_Junge_Missing.webp,200,0,11,both-incomplete,https://jrhof.org/inductees/mark_junge/,https://jrhof.org/inductees/mark_junge/,200,200,Mark Junge,False,links_to_bio,incomplete,needs_replacement,board_review_required,board_review,https://jrhof.org/inductees/mark_junge/,True,"[""/Mark_Junge/""]",True,True,False,Live archive uses a person-specific Missing placeholder image. Both available biography sources are incomplete.
3024,Melvin Martin,Melvin Martin,Melvin Martin,True,Melvin_Martin,melvin_martin,Pre 1990,,Melvin_Martin.jpg,True,https://jrhof.org/wp-content/uploads/2026/01/Melvin_Martin.webp,https://jrhof.org/wp-content/uploads/2026/01/Melvin_Martin.webp,200,287,250,different-similar-length,https://jrhof.org/inductees/melvin_martin/,https://jrhof.org/inductees/melvin_martin/,200,200,Melvin Martin,False,links_to_bio,materially_different,live_resolves,board_review_required,manually_merge,https://jrhof.org/inductees/melvin_martin/,True,"[""/Melvin_Martin/""]",True,False,False,Repository and WordPress biographies are materially different and similar in length.
3074,Mert Letofsky,Mert Letofsky,Mert Letofsky,True,Mert_Letofsky,mert_letofsky,Pre 1990,,Mert_Letofsky.jpg,True,https://jrhof.org/wp-content/uploads/2026/01/Mert_Letofsky.webp,https://jrhof.org/wp-content/uploads/2026/01/Mert_Letofsky.webp,200,240,274,different-similar-length,https://jrhof.org/inductees/mert_letofsky/,https://jrhof.org/inductees/mert_letofsky/,200,200,Mert Letofsky,False,links_to_bio,materially_different,live_resolves,board_review_required,manually_merge,https://jrhof.org/inductees/mert_letofsky/,True,"[""/Mert_Letofsky/""]",True,False,False,Repository and WordPress biographies are materially different and similar in length.
2987,Mike Brady,Mike Brady,Mike Brady,True,Mike_Brady,mike_brady,2009,2009,Mike_Brady.jpg,True,https://jrhof.org/wp-content/uploads/2026/01/Mike_Brady.webp,https://jrhof.org/wp-content/uploads/2026/01/Mike_Brady.webp,200,262,250,different-similar-length,https://jrhof.org/inductees/mike_brady/,https://jrhof.org/inductees/mike_brady/,200,200,Mike Brady,False,links_to_bio,materially_different,live_resolves,board_review_required,manually_merge,https://jrhof.org/inductees/mike_brady/,True,"[""/Mike_Brady/""]",True,False,False,Repository and WordPress biographies are materially different and similar in length.
2982,Mike Doohan,Mike Doohan,Mike Doohan,True,Mike_Doohan,mike_doohan,2023,2023,Mike_Doohan.jpg,True,https://jrhof.org/wp-content/uploads/2026/01/Mark_Denzin.webp,https://jrhof.org/wp-content/uploads/2026/01/Mike_Doohan.webp,200,332,344,different-similar-length,https://jrhof.org/inductees/mike_doohan/,https://jrhof.org/inductees/mike_doohan/,200,200,Mike Doohan,False,links_to_bio,materially_different,mismatched_featured_image,board_review_required,manually_merge,https://jrhof.org/inductees/mike_doohan/,True,"[""/Mike_Doohan/""]",True,False,False,WordPress export featured-media assignment appears to belong to another inductee; live card image may still be correct. Repository and WordPress biographies are materially different and similar in length.
2997,Mike Kronkright,Mike Kronkright,Mike Kronkright,True,Mike_Kronkright,mike_kronkright,1992,1992,David_Kronkright.jpg,False,https://jrhof.org/wp-content/uploads/2026/01/Mike_Kronkright.webp,https://jrhof.org/wp-content/uploads/2026/01/Mike_Kronkright.webp,200,453,363,repo-more-complete,https://jrhof.org/inductees/mike_kronkright/,https://jrhof.org/inductees/mike_kronkright/,200,200,Mike Kronkright,False,links_to_bio,complete,wordpress_resolves,repo,use_repo_bio,https://jrhof.org/inductees/mike_kronkright/,True,"[""/Mike_Kronkright/""]",False,False,False,Repository biography is materially more complete than WordPress version.
3019,Mitchell Burns,Mitchell Burns,Mitchell Burns,True,Mitchell_Burns,mitchell_burns,Pre 1990,,Mitchell_Burns.jpg,True,https://jrhof.org/wp-content/uploads/2026/01/Mitchell_Burns.webp,https://jrhof.org/wp-content/uploads/2026/01/Mitchell_Burns.webp,200,308,344,different-similar-length,https://jrhof.org/inductees/mitchell_burns/,https://jrhof.org/inductees/mitchell_burns/,200,200,Mitchell Burns,False,links_to_bio,materially_different,live_resolves,board_review_required,manually_merge,https://jrhof.org/inductees/mitchell_burns/,True,"[""/Mitchell_Burns/""]",True,False,False,Repository and WordPress biographies are materially different and similar in length.
3168,Myran Dunker,Myran Dunker,Myran Dunker,True,Myran_Dunker,myran_dunker,2018,2018,Myran_Dunker.jpg,True,https://jrhof.org/wp-content/uploads/2026/01/Mike_Brady.webp,https://jrhof.org/wp-content/uploads/2026/01/Myran_Dunker.webp,200,177,264,wordpress-more-complete,https://jrhof.org/inductees/myran_dunker/,https://jrhof.org/inductees/myran_dunker/,200,200,Myran Dunker,False,links_to_bio,complete,mismatched_featured_image,wordpress,use_wordpress_bio,https://jrhof.org/inductees/myran_dunker/,True,"[""/Myran_Dunker/""]",False,False,False,WordPress export featured-media assignment appears to belong to another inductee; live card image may still be correct. WordPress biography is materially more complete than repo version.
2981,Neil Devlin,Neil Devlin,Neil Devlin,True,Neil_Devlin,neil_devlin,2018,2018,Neil_Devlin.jpg,True,https://jrhof.org/wp-content/uploads/2026/01/Mike_Doohan.webp,https://jrhof.org/wp-content/uploads/2026/01/Neil_Devlin.webp,200,278,332,wordpress-more-complete,https://jrhof.org/inductees/neil_devlin/,https://jrhof.org/inductees/neil_devlin/,200,200,Neil Devlin,False,links_to_bio,complete,mismatched_featured_image,wordpress,use_wordpress_bio,https://jrhof.org/inductees/neil_devlin/,True,"[""/Neil_Devlin/""]",False,False,False,WordPress export featured-media assignment appears to belong to another inductee; live card image may still be correct. WordPress biography is materially more complete than repo version.
3117,Nick Vitale,Nick Vitale,Nick Vitale,True,Nick_Vitale,nick_vitale,1993,1993,Nick_Vitale.jpg,False,https://jrhof.org/wp-content/uploads/2026/01/Nick_Vitale_Missing.webp,https://jrhof.org/wp-content/uploads/2026/01/Nick_Vitale_Missing.webp,200,0,11,both-incomplete,https://jrhof.org/inductees/nick_vitale/,https://jrhof.org/inductees/nick_vitale/,200,200,Nick Vitale,False,links_to_bio,incomplete,needs_replacement,board_review_required,board_review,https://jrhof.org/inductees/nick_vitale/,True,"[""/Nick_Vitale/""]",True,True,False,Live archive uses a person-specific Missing placeholder image. Both available biography sources are incomplete.
3127,Pat Haggerty,Pat Haggerty,Pat Haggerty,True,Pat_Haggerty,pat_haggerty,2002,2002,Pat_Haggerty.jpg,True,https://jrhof.org/wp-content/uploads/2026/01/Pat_Haggerty.webp,https://jrhof.org/wp-content/uploads/2026/01/Pat_Haggerty.webp,200,239,273,different-similar-length,https://jrhof.org/inductees/pat_haggerty/,https://jrhof.org/inductees/pat_haggerty/,200,200,Pat Haggerty,False,links_to_bio,materially_different,live_resolves,board_review_required,manually_merge,https://jrhof.org/inductees/pat_haggerty/,True,"[""/Pat_Haggerty/""]",True,False,False,Repository and WordPress biographies are materially different and similar in length.
2990,Paul Babkiewich,Paul Babkiewich,Paul Babkiewich,True,Paul_Babkiewich,paul_babkiewich,2015,2015,Paul_Babkiewich.jpg,True,https://jrhof.org/wp-content/uploads/2026/01/Mitchell_Burns.webp,https://jrhof.org/wp-content/uploads/2026/01/Paul_Babkiewich.webp,200,238,293,wordpress-more-complete,https://jrhof.org/inductees/paul_babkiewich/,https://jrhof.org/inductees/paul_babkiewich/,200,200,Paul Babkiewich,False,links_to_bio,complete,mismatched_featured_image,wordpress,use_wordpress_bio,https://jrhof.org/inductees/paul_babkiewich/,True,"[""/Paul_Babkiewich/""]",False,False,False,WordPress export featured-media assignment appears to belong to another inductee; live card image may still be correct. WordPress biography is materially more complete than repo version.
3004,Pete Butler,Pete Butler,Pete Butler,True,Pete_Butler,pete_butler,Pre 1990,,Pete_Butler.jpg,True,https://jrhof.org/wp-content/uploads/2026/01/Pete_Butler.webp,https://jrhof.org/wp-content/uploads/2026/01/Pete_Butler.webp,200,298,280,different-similar-length,https://jrhof.org/inductees/pete_butler/,https://jrhof.org/inductees/pete_butler/,200,200,Pete Butler,False,links_to_bio,materially_different,live_resolves,board_review_required,manually_merge,https://jrhof.org/inductees/pete_butler/,True,"[""/Pete_Butler/""]",True,False,False,Repository and WordPress biographies are materially different and similar in length.
3131,Pete DAmato,Pete DAmato,Pete DAmato,True,Pete_DAmato,pete_damato,Pre 1990,,Pete_DAmato.jpg,True,https://jrhof.org/wp-content/uploads/2026/01/Pete_DAmato.webp,https://jrhof.org/wp-content/uploads/2026/01/Pete_DAmato.webp,200,162,189,wordpress-more-complete,https://jrhof.org/inductees/pete_damato/,https://jrhof.org/inductees/pete_damato/,200,200,Pete DAmato,False,links_to_bio,complete,live_resolves,wordpress,use_wordpress_bio,https://jrhof.org/inductees/pete_damato/,True,"[""/Pete_DAmato/""]",False,False,False,WordPress biography is materially more complete than repo version.
3111,Randy Holmen,Randy Holmen,Randy Holmen,True,Randy_Holmen,randy_holmen,2017,2017,Randy_Holmen.jpg,True,https://jrhof.org/wp-content/uploads/2026/01/Nick_Vitale_Missing.webp,https://jrhof.org/wp-content/uploads/2026/01/Randy_Holmen.webp,200,226,245,different-similar-length,https://jrhof.org/inductees/randy_holmen/,https://jrhof.org/inductees/randy_holmen/,200,200,Randy Holmen,False,links_to_bio,materially_different,mismatched_featured_image,board_review_required,manually_merge,https://jrhof.org/inductees/randy_holmen/,True,"[""/Randy_Holmen/""]",True,False,False,WordPress export featured-media assignment appears to belong to another inductee; live card image may still be correct. Repository and WordPress biographies are materially different and similar in length.
771,Ray Belfiore,Ray Belfiore,Ray Belfiore,True,Ray_Belfiore,ray_belfiore,2025,2025,Ray_Belfiore.jpg,True,,https://jrhof.org/wp-content/uploads/2026/01/Ray_Belfiore.webp,200,468,474,substantively-same,https://jrhof.org/inductees/ray_belfiore/,https://jrhof.org/inductees/ray_belfiore/,200,200,Ray Belfiore,False,links_to_bio,complete,live_resolves,merged_candidate,migrate_as_is,https://jrhof.org/inductees/ray_belfiore/,True,"[""/Ray_Belfiore/""]",False,False,False,
3056,Raymond Powe,Raymond Powe,Raymond Powe,True,Raymond_Powe,raymond_powe,2002,2002,Raymond_Powe.jpg,True,https://jrhof.org/wp-content/uploads/2026/01/Raymond_Powe.webp,https://jrhof.org/wp-content/uploads/2026/01/Raymond_Powe.webp,200,176,218,wordpress-more-complete,https://jrhof.org/inductees/raymond_powe/,https://jrhof.org/inductees/raymond_powe/,200,200,Raymond Powe,False,links_to_bio,complete,live_resolves,wordpress,use_wordpress_bio,https://jrhof.org/inductees/raymond_powe/,True,"[""/Raymond_Powe/""]",False,False,False,WordPress biography is materially more complete than repo version.
3046,Rich Czernicki,Rich Czernicki,Rich Czernicki,True,Rich_Czernicki,rich_czernicki,2008,2008,Rich_Czernicki.jpg,True,https://jrhof.org/wp-content/uploads/2026/01/Rich_Czernicki.webp,https://jrhof.org/wp-content/uploads/2026/01/Rich_Czernicki.webp,200,400,356,different-similar-length,https://jrhof.org/inductees/rich_czernicki/,https://jrhof.org/inductees/rich_czernicki/,200,200,Rich Czernicki,False,links_to_bio,materially_different,live_resolves,board_review_required,manually_merge,https://jrhof.org/inductees/rich_czernicki/,True,"[""/Rich_Czernicki/""]",True,False,False,Repository and WordPress biographies are materially different and similar in length.
3013,"Richard ""Dick"" Reininger","Richard ""Dick"" Reininger",Richard “Dick” Reininger,True,Richard_Dick_Reininger,richard_reininger,2016,2016,Dick_Reininger.jpg,True,https://jrhof.org/wp-content/uploads/2026/01/Dave_Schmidt_Missing.webp,https://jrhof.org/wp-content/uploads/2026/01/Dick_Reininger.webp,200,147,159,different-similar-length,https://jrhof.org/inductees/richard_reininger/,https://jrhof.org/inductees/richard_reininger/,200,200,Richard “Dick” Reininger,False,links_to_bio,materially_different,mismatched_featured_image,board_review_required,manually_merge,https://jrhof.org/inductees/richard_reininger/,True,"[""/Richard_Dick_Reininger/""]",True,False,False,WordPress export featured-media assignment appears to belong to another inductee; live card image may still be correct. Repository and WordPress biographies are materially different and similar in length.
3091,Richard Chandler,Richard Chandler,Richard Chandler,True,Richard_Chandler,richard_chandler,2001,2001,Richard_Chandler.jpg,True,https://jrhof.org/wp-content/uploads/2026/01/Richard_Chandler.webp,https://jrhof.org/wp-content/uploads/2026/01/Richard_Chandler.webp,200,372,326,different-similar-length,https://jrhof.org/inductees/richard_chandler/,,,200,Richard Chandler,False,no_link,materially_different,live_resolves,board_review_required,manually_merge,https://jrhof.org/inductees/richard_chandler/,True,"[""/Richard_Chandler/""]",True,False,True,Live archive card has no anchor/link. Repository and WordPress biographies are materially different and similar in length.
3121,Richard Fanning,Richard Fanning,Richard Fanning,True,Richard_Fanning,richard_fanning,2007,2007,Richard_Fanning.jpg,True,https://jrhof.org/wp-content/uploads/2026/01/Richard_Fanning.webp,https://jrhof.org/wp-content/uploads/2026/01/Richard_Fanning.webp,200,452,876,wordpress-more-complete,https://jrhof.org/inductees/richard_fanning/,,,200,Richard Fanning,False,no_link,complete,live_resolves,wordpress,fix_live_link,https://jrhof.org/inductees/richard_fanning/,True,"[""/Richard_Fanning/""]",False,False,True,Live archive card has no anchor/link. WordPress biography is materially more complete than repo version.
3023,Richard Hawkins,Richard Hawkins,Richard Hawkins,True,Richard_Hawkins,richard_hawkins,2001,2001,Richard_Hawkins.jpg,True,https://jrhof.org/wp-content/uploads/2026/01/Richard_Hawkins.webp,https://jrhof.org/wp-content/uploads/2026/01/Richard_Hawkins.webp,200,583,440,repo-more-complete,https://jrhof.org/inductees/richard_hawkins/,https://jrhof.org/inductees/richard_hawkins/,200,200,Richard Hawkins,False,links_to_bio,complete,live_resolves,repo,use_repo_bio,https://jrhof.org/inductees/richard_hawkins/,True,"[""/Richard_Hawkins/""]",False,False,False,Repository biography is materially more complete than WordPress version.
2994,Richard Mauro,Richard Mauro,Richard Mauro,True,Richard_Mauro,richard_mauro,2010,2010,Richard_Mauro.jpg,True,https://jrhof.org/wp-content/uploads/2026/01/Richard_Mauro.webp,https://jrhof.org/wp-content/uploads/2026/01/Richard_Mauro.webp,200,202,234,wordpress-more-complete,https://jrhof.org/inductees/richard_mauro/,https://jrhof.org/inductees/richard_mauro/,200,200,Richard Mauro,False,links_to_bio,complete,live_resolves,wordpress,use_wordpress_bio,https://jrhof.org/inductees/richard_mauro/,True,"[""/Richard_Mauro/""]",False,False,False,WordPress biography is materially more complete than repo version.
3170,Robert Blaser,Robert Blaser,Robert Blaser,True,Robert_Blaser,robert_blaser,2007,2007,Robert_Blaser.jpg,True,https://jrhof.org/wp-content/uploads/2026/01/Robert_Blaser.webp,https://jrhof.org/wp-content/uploads/2026/01/Robert_Blaser.webp,200,304,332,different-similar-length,https://jrhof.org/inductees/robert_blaser/,https://jrhof.org/inductees/robert_blaser/,200,200,Robert Blaser,False,links_to_bio,materially_different,live_resolves,board_review_required,manually_merge,https://jrhof.org/inductees/robert_blaser/,True,"[""/Robert_Blaser/""]",True,False,False,Repository and WordPress biographies are materially different and similar in length.
3066,Robert Campbell,Robert Campbell,Robert Campbell,True,Robert_Campbell,robert_campbell,2008,2008,Robert_Campbell.jpg,True,https://jrhof.org/wp-content/uploads/2026/01/Robert_Campbell.webp,https://jrhof.org/wp-content/uploads/2026/01/Robert_Campbell.webp,200,700,466,repo-more-complete,https://jrhof.org/inductees/robert_campbell/,https://jrhof.org/inductees/robert_campbell/,200,200,Robert Campbell,False,links_to_bio,complete,live_resolves,repo,use_repo_bio,https://jrhof.org/inductees/robert_campbell/,True,"[""/Robert_Campbell/""]",False,False,False,Repository biography is materially more complete than WordPress version.
3076,Robert Schnabel,Robert Schnabel,Robert Schnabel,True,Robert_Schnabel,robert_schnabel,2010,1996,Robert_Schnabel.jpg,True,https://jrhof.org/wp-content/uploads/2026/01/Richard_Fanning.webp,https://jrhof.org/wp-content/uploads/2026/01/Robert_Schnabel.webp,200,113,128,different-similar-length,https://jrhof.org/inductees/robert_schnabel/,,,200,Robert Schnabel,True,no_link,incorrect_content,mismatched_featured_image,board_review_required,do_not_migrate_until_fixed,https://jrhof.org/inductees/robert_schnabel/,True,"[""/Robert_Schnabel/""]",True,False,True,Live archive card has no anchor/link. Direct live page exists but contains Joe Rossi's biography under Robert Schnabel/Class of 2010; card itself has no link. WordPress export featured-media assignment appears to belong to another inductee; live card image may still be correct. Repository and WordPress biographies are materially different and similar in length.
3042,Roger Kinney,Roger Kinney,Roger Kinney,True,Roger_Kinney,roger_kinney,1993,1993,Roger_Kinney.jpg,True,https://jrhof.org/wp-content/uploads/2026/01/Roger_Kinney.webp,https://jrhof.org/wp-content/uploads/2026/01/Roger_Kinney.webp,200,508,321,repo-more-complete,https://jrhof.org/inductees/roger_kinney/,https://jrhof.org/inductees/roger_kinney/,200,200,Roger Kinney,False,links_to_bio,complete,live_resolves,repo,use_repo_bio,https://jrhof.org/inductees/roger_kinney/,True,"[""/Roger_Kinney/""]",False,False,False,Repository biography is materially more complete than WordPress version.
3037,Ron Piotraschke,Ron Piotraschke,Ron Piotraschke,True,Ron_Piotraschke,ron_piotraschke,2002,2002,Ron_Piotraschke.jpg,True,https://jrhof.org/wp-content/uploads/2026/01/Ron_Piotraschke.webp,https://jrhof.org/wp-content/uploads/2026/01/Ron_Piotraschke.webp,200,262,277,different-similar-length,https://jrhof.org/inductees/ron_piotraschke/,https://jrhof.org/inductees/ron_piotraschke/,200,200,Ron Piotraschke,False,links_to_bio,materially_different,live_resolves,board_review_required,manually_merge,https://jrhof.org/inductees/ron_piotraschke/,True,"[""/Ron_Piotraschke/""]",True,False,False,Repository and WordPress biographies are materially different and similar in length.
3148,Ron Sisson,Ron Sisson,Ron Sisson,True,Ron_Sisson,ron_sisson,Pre 1990,,Ron_Sisson.jpg,True,https://jrhof.org/wp-content/uploads/2026/01/Ron_Sisson.webp,https://jrhof.org/wp-content/uploads/2026/01/Ron_Sisson.webp,200,105,156,wordpress-more-complete,https://jrhof.org/inductees/ron_sisson/,https://jrhof.org/inductees/ron_sisson/,200,200,Ron Sisson,False,links_to_bio,complete,live_resolves,wordpress,use_wordpress_bio,https://jrhof.org/inductees/ron_sisson/,True,"[""/Ron_Sisson/""]",False,False,False,WordPress biography is materially more complete than repo version.
3062,Ross Barlow,Ross Barlow,Ross Barlow,True,Ross_Barlow,ross_barlow,2015,2015,Ross_Barlow.jpg,True,https://jrhof.org/wp-content/uploads/2026/01/Robert_Campbell.webp,https://jrhof.org/wp-content/uploads/2026/01/Ross_Barlow.webp,200,208,266,wordpress-more-complete,https://jrhof.org/inductees/ross_barlow/,https://jrhof.org/inductees/ross_barlow/,200,200,Ross Barlow,False,links_to_bio,complete,mismatched_featured_image,wordpress,use_wordpress_bio,https://jrhof.org/inductees/ross_barlow/,True,"[""/Ross_Barlow/""]",False,False,False,WordPress export featured-media assignment appears to belong to another inductee; live card image may still be correct. WordPress biography is materially more complete than repo version.
3097,Ross MacAskill,Ross MacAskill,Ross MacAskill,True,Ross_MacAskill,ross_macaskill,2003,2003,Ross_MacAskill.jpg,True,https://jrhof.org/wp-content/uploads/2026/01/Ross_MacAskill.webp,https://jrhof.org/wp-content/uploads/2026/01/Ross_MacAskill.webp,200,257,244,different-similar-length,https://jrhof.org/inductees/ross_macaskill/,https://jrhof.org/inductees/ross_macaskill/,200,200,Ross MacAskill,False,links_to_bio,materially_different,live_resolves,board_review_required,manually_merge,https://jrhof.org/inductees/ross_macaskill/,True,"[""/Ross_MacAskill/""]",True,False,False,Repository and WordPress biographies are materially different and similar in length.
3006,Sal Salazar,Sal Salazar,Sal Salazar,True,Sal_Salazar,sal_salazar,Pre 1990,,Sal_Salazar.jpg,False,https://jrhof.org/wp-content/uploads/2026/01/Sal_Salazar_Missing.webp,https://jrhof.org/wp-content/uploads/2026/01/Sal_Salazar_Missing.webp,200,0,11,both-incomplete,https://jrhof.org/inductees/sal_salazar/,https://jrhof.org/inductees/sal_salazar/,200,200,Sal Salazar,False,links_to_bio,incomplete,needs_replacement,board_review_required,board_review,https://jrhof.org/inductees/sal_salazar/,True,"[""/Sal_Salazar/""]",True,True,False,Live archive uses a person-specific Missing placeholder image. Both available biography sources are incomplete.
3015,Sam Corentino,Sam Corsentino,Sam Corentino,True,Sam_Corentino,sam_corsentino,Pre 1990,,Sam_Corentino.jpg,False,https://jrhof.org/wp-content/uploads/2026/01/Sam_Corsentino.webp,https://jrhof.org/wp-content/uploads/2026/01/Sam_Corsentino.webp,200,215,261,wordpress-more-complete,https://jrhof.org/inductees/sam_corsentino/,https://jrhof.org/inductees/sam_corsentino/,200,200,Sam Corsentino,False,links_to_bio,needs_review,wordpress_resolves,board_review_required,board_review,https://jrhof.org/inductees/sam_corsentino/,True,"[""/Sam_Corentino/""]",True,False,False,WordPress record says Sam Corsentino; live card says Sam Corentino; repo says Sam Corentino. WordPress biography is materially more complete than repo version.
3164,Sid Peretti,Sid Peretti,Sid Peretti,True,Sid_Peretti,sid_peretti,1995,1995,Sid_Peretti.jpg,False,https://jrhof.org/wp-content/uploads/2026/01/Sid_Peretti_Missing.webp,https://jrhof.org/wp-content/uploads/2026/01/Sid_Peretti_Missing.webp,200,0,11,both-incomplete,https://jrhof.org/inductees/sid_peretti/,https://jrhof.org/inductees/sid_peretti/,200,200,Sid Peretti,False,links_to_bio,incomplete,needs_replacement,board_review_required,board_review,https://jrhof.org/inductees/sid_peretti/,True,"[""/Sid_Peretti/""]",True,True,False,Live archive uses a person-specific Missing placeholder image. Both available biography sources are incomplete.
1109,Steve Heuer,Steve Heuer,Steve Heuer,True,Steve_Heuer,steve_heuer,2025,2025,Steve_Heuer.jpg,True,https://jrhof.org/wp-content/uploads/2026/01/Terry_Angell.webp,https://jrhof.org/wp-content/uploads/2026/01/Steve_Heuer.webp,200,392,400,substantively-same,https://jrhof.org/inductees/steve_heuer/,https://jrhof.org/inductees/steve_heuer/,200,200,Steve Heuer,False,links_to_bio,complete,mismatched_featured_image,merged_candidate,migrate_as_is,https://jrhof.org/inductees/steve_heuer/,True,"[""/Steve_Heuer/""]",False,False,False,WordPress export featured-media assignment appears to belong to another inductee; live card image may still be correct.
3072,Steve Usecheck,Steve Usecheck Jr.,Steve Usecheck,True,Steve_Usecheck,steve_usecheck,1999,1999,Steve_Usecheck.jpg,True,https://jrhof.org/wp-content/uploads/2026/01/Steve_Usecheck.webp,https://jrhof.org/wp-content/uploads/2026/01/Steve_Usecheck.webp,200,286,272,different-similar-length,https://jrhof.org/inductees/steve_usecheck/,https://jrhof.org/inductees/steve_usecheck/,200,200,Steve Usecheck Jr.,False,links_to_bio,materially_different,live_resolves,board_review_required,manually_merge,https://jrhof.org/inductees/steve_usecheck/,True,"[""/Steve_Usecheck/""]",True,False,False,Repository and WordPress biographies are materially different and similar in length.
2991,Stormy Stucker,Stormy Stucker,Stormy Stucker,True,Stormy_Stucker,stormy_stucker,Pre 1990,,Stormy_Stucker.jpg,False,https://jrhof.org/wp-content/uploads/2026/01/Stormy_Stucker_Missing.webp,https://jrhof.org/wp-content/uploads/2026/01/Stormy_Stucker_Missing.webp,200,0,11,both-incomplete,https://jrhof.org/inductees/stormy_stucker/,https://jrhof.org/inductees/stormy_stucker/,200,200,Stormy Stucker,False,links_to_bio,incomplete,needs_replacement,board_review_required,board_review,https://jrhof.org/inductees/stormy_stucker/,True,"[""/Stormy_Stucker/""]",True,True,False,Live archive uses a person-specific Missing placeholder image. Both available biography sources are incomplete.
2977,Terry Angell,Terry Angell,Terry Angell,True,Terry_Angell,terry_angell,2026,2026,Terry_Angell.jpg,True,https://jrhof.org/wp-content/uploads/2026/01/Terry_Angell.webp,https://jrhof.org/wp-content/uploads/2026/01/Terry_Angell.webp,200,9,454,wordpress-more-complete,https://jrhof.org/inductees/terry_angell/,https://jrhof.org/inductees/terry_angell/,200,200,Terry Angell,False,links_to_bio,complete,live_resolves,wordpress,use_wordpress_bio,https://jrhof.org/inductees/terry_angell/,True,"[""/Terry_Angell/""]",False,False,False,WordPress biography is materially more complete than repo version.
3116,Terry Garvey,Terry Garvey,Ray Garvey,True,Terry_Garvey,terry_garvey,2015,2015,Ray_Garvey.jpg,True,https://jrhof.org/wp-content/uploads/2026/01/Paul_Babkiewich.webp,https://jrhof.org/wp-content/uploads/2026/01/Ray_Garvey.webp,200,399,425,different-similar-length,https://jrhof.org/inductees/terry_garvey/,https://jrhof.org/inductees/terry_garvey/,200,200,Terry Garvey,False,links_to_bio,materially_different,needs_replacement,board_review_required,manually_merge,https://jrhof.org/inductees/terry_garvey/,True,"[""/Terry_Garvey/""]",True,True,False,"Live card says Ray Garvey and uses Ray_Garvey.webp, while repository/WordPress detail record says Terry Garvey. WordPress export featured-media assignment appears to belong to another inductee; live card image may still be correct. Repository and WordPress biographies are materially different and similar in length."
1142,Terry Reed,Terry Reed,Terry Reed,True,Terry_Reed,terry_reed,2025,2025,Terry_Reed.jpg,True,https://jrhof.org/wp-content/uploads/2026/01/Sid_Peretti_Missing.webp,https://jrhof.org/wp-content/uploads/2026/01/Terry_Reed.webp,200,473,482,substantively-same,https://jrhof.org/inductees/terry_reed/,https://jrhof.org/inductees/terry_reed/,200,200,Terry Reed,False,links_to_bio,complete,mismatched_featured_image,merged_candidate,migrate_as_is,https://jrhof.org/inductees/terry_reed/,True,"[""/Terry_Reed/""]",False,False,False,WordPress export featured-media assignment appears to belong to another inductee; live card image may still be correct.
3078,Terry Schiessler,Terry Schiessler,Terry Schiessler,True,Terry_Schiessler,terry_schiessler,Pre 1990,,Terry_Schiessler.jpg,True,https://jrhof.org/wp-content/uploads/2026/01/Terry_Schiessler.webp,https://jrhof.org/wp-content/uploads/2026/01/Terry_Schiessler.webp,200,334,706,wordpress-more-complete,https://jrhof.org/inductees/terry_schiessler/,https://jrhof.org/inductees/terry_schiessler/,200,200,Terry Schiessler,False,links_to_bio,complete,live_resolves,wordpress,use_wordpress_bio,https://jrhof.org/inductees/terry_schiessler/,True,"[""/Terry_Schiessler/""]",False,False,False,WordPress biography is materially more complete than repo version.
2973,Thomas Severtson,Thomas Severtson,Thomas Severtson,True,Thomas_Severtson,thomas_severtson,2009,2009,Thomas_Severtson.jpg,True,https://jrhof.org/wp-content/uploads/2026/01/Thomas_Severtson.webp,https://jrhof.org/wp-content/uploads/2026/01/Thomas_Severtson.webp,200,185,241,wordpress-more-complete,https://jrhof.org/inductees/thomas_severtson/,https://jrhof.org/inductees/thomas_severtson/,200,200,Thomas Severtson,False,links_to_bio,complete,live_resolves,wordpress,use_wordpress_bio,https://jrhof.org/inductees/thomas_severtson/,True,"[""/Thomas_Severtson/""]",False,False,False,WordPress biography is materially more complete than repo version.
3063,Tim Kardatzke,Tim Kardatzke,Tim Kardatzke,True,Tim_Kardatzke,tim_kardatzke,2017,2017,Tim_Kardatzke.jpg,True,https://jrhof.org/wp-content/uploads/2026/01/Stormy_Stucker_Missing.webp,https://jrhof.org/wp-content/uploads/2026/01/Tim_Kardatzke.webp,200,124,143,wordpress-more-complete,https://jrhof.org/inductees/tim_kardatzke/,https://jrhof.org/inductees/tim_kardatzke/,200,200,Tim Kardatzke,False,links_to_bio,complete,mismatched_featured_image,wordpress,use_wordpress_bio,https://jrhof.org/inductees/tim_kardatzke/,True,"[""/Tim_Kardatzke/""]",False,False,False,WordPress export featured-media assignment appears to belong to another inductee; live card image may still be correct. WordPress biography is materially more complete than repo version.
3040,Tom Freed,Tom Freed,Tom Freed,True,Tom_Freed,tom_freed,1996,1996,Tom_Freed.jpg,False,https://jrhof.org/wp-content/uploads/2026/01/Tom_Freed_Missing.webp,https://jrhof.org/wp-content/uploads/2026/01/Tom_Freed_Missing.webp,200,137,198,wordpress-more-complete,https://jrhof.org/inductees/tom_freed/,https://jrhof.org/inductees/tom_freed/,200,200,Tom Freed,False,links_to_bio,complete,needs_replacement,wordpress,fix_media,https://jrhof.org/inductees/tom_freed/,True,"[""/Tom_Freed/""]",False,True,False,Live archive uses a person-specific Missing placeholder image. WordPress biography is materially more complete than repo version.
1237,Tom Robinson,Tom Robinson,Tom Robinson,True,Tom_Robinson,tom_robinson,2024,2024,Tom_Robinson.jpg,True,https://jrhof.org/wp-content/uploads/2026/01/Terry_Schiessler.webp,https://jrhof.org/wp-content/uploads/2026/01/Tom_Robinson.webp,200,456,465,different-similar-length,https://jrhof.org/inductees/tom_robinson/,https://jrhof.org/inductees/tom_robinson/,200,200,Tom Robinson,False,links_to_bio,materially_different,mismatched_featured_image,board_review_required,manually_merge,https://jrhof.org/inductees/tom_robinson/,True,"[""/Tom_Robinson/""]",True,False,False,WordPress export featured-media assignment appears to belong to another inductee; live card image may still be correct. Repository and WordPress biographies are materially different and similar in length.
3021,Tom Smith,Tom Smith,Tom Smith,True,Tom_Smith,tom_smith,2013,2013,Tom_Smith.jpg,True,https://jrhof.org/wp-content/uploads/2026/01/Thomas_Severtson.webp,https://jrhof.org/wp-content/uploads/2026/01/Tom_Smith.webp,200,621,548,different-similar-length,https://jrhof.org/inductees/tom_smith/,https://jrhof.org/inductees/tom_smith/,200,200,Tom Smith,False,links_to_bio,materially_different,mismatched_featured_image,board_review_required,manually_merge,https://jrhof.org/inductees/tom_smith/,True,"[""/Tom_Smith/""]",True,False,False,WordPress export featured-media assignment appears to belong to another inductee; live card image may still be correct. Repository and WordPress biographies are materially different and similar in length.
2995,Vic Damon,Vic Damon,Vic Damon,True,Vic_Damon,vic_damon,1994,1994,Vic_Damon.jpg,False,https://jrhof.org/wp-content/uploads/2026/01/Vic_Damon_Missing.webp,https://jrhof.org/wp-content/uploads/2026/01/Vic_Damon_Missing.webp,200,0,11,both-incomplete,https://jrhof.org/inductees/vic_damon/,https://jrhof.org/inductees/vic_damon/,200,200,Vic Damon,False,links_to_bio,incomplete,needs_replacement,board_review_required,board_review,https://jrhof.org/inductees/vic_damon/,True,"[""/Vic_Damon/""]",True,True,False,Live archive uses a person-specific Missing placeholder image. Both available biography sources are incomplete.
2993,Virgil Jester,Virgil Jester,Virgil Jester,True,Virgil_Jester,virgil_jester,1989,1989,Virgil_Jester.jpg,True,https://jrhof.org/wp-content/uploads/2026/01/Virgil_Jester.webp,https://jrhof.org/wp-content/uploads/2026/01/Virgil_Jester.webp,200,200,422,wordpress-more-complete,https://jrhof.org/inductees/virgil_jester/,https://jrhof.org/inductees/virgil_jester/,200,200,Virgil Jester,False,links_to_bio,complete,live_resolves,wordpress,use_wordpress_bio,https://jrhof.org/inductees/virgil_jester/,True,"[""/Virgil_Jester/""]",False,False,False,WordPress biography is materially more complete than repo version.
3010,Walt Clay,Walt Clay,Walt Clay,True,Walt_Clay,walt_clay,Pre 1990,1990,Walt_Clay.jpg,True,https://jrhof.org/wp-content/uploads/2026/01/Walt_Clay.webp,https://jrhof.org/wp-content/uploads/2026/01/Walt_Clay.webp,200,409,317,repo-more-complete,https://jrhof.org/inductees/walt_clay/,,,200,Walt Clay,False,no_link,needs_review,live_resolves,board_review_required,board_review,https://jrhof.org/inductees/walt_clay/,True,"[""/Walt_Clay/""]",True,False,True,Live archive card has no anchor/link. WordPress/live Class of 1990 conflicts with repository Pre 1990. Repository biography is materially more complete than WordPress version.
3086,Warren Kettner,Warren Kettner,Warren Kettner,True,Warren_Kettner,warren_kettner,1990,1990,Warren_Kettner.jpg,True,,https://jrhof.org/wp-content/uploads/2026/01/Warren_Kettner.webp,200,291,271,different-similar-length,https://jrhof.org/inductees/warren_kettner/,,,200,Warren Kettner,False,no_link,materially_different,live_resolves,board_review_required,manually_merge,https://jrhof.org/inductees/warren_kettner/,True,"[""/Warren_Kettner/""]",True,False,True,Live archive card has no anchor/link. Repository and WordPress biographies are materially different and similar in length.
3028,Wiley Chance,Wiley Chance,Wiley Chance,True,Wiley_Chance,wiley_chance,1994,1994,Wiley_Chance.jpg,False,https://jrhof.org/wp-content/uploads/2026/01/Wiley_Chance_Missing.webp,https://jrhof.org/wp-content/uploads/2026/01/Wiley_Chance_Missing-683x1024.webp,200,0,11,both-incomplete,https://jrhof.org/inductees/wiley_chance/,https://jrhof.org/wiley_chance/,200,200,Wiley Chance,False,links_to_bio,incomplete,needs_replacement,board_review_required,board_review,https://jrhof.org/inductees/wiley_chance/,True,"[""/Wiley_Chance/""]",True,True,False,Live archive uses a person-specific Missing placeholder image. Both available biography sources are incomplete.
2969,"William ""Bill"" Fanning","William ""Bill"" Fanning",Bill Fanning,True,William_Bill_Fanning,william_bill_fanning,1991,1991,Bill_Fanning.jpg,True,https://jrhof.org/wp-content/uploads/2026/01/Bill_Fanning.webp,https://jrhof.org/wp-content/uploads/2026/01/Bill_Fanning.webp,200,247,238,different-similar-length,https://jrhof.org/inductees/william_bill_fanning/,https://jrhof.org/inductees/william_bill_fanning/,200,200,William “Bill” Fanning,False,links_to_bio,materially_different,live_resolves,board_review_required,manually_merge,https://jrhof.org/inductees/william_bill_fanning/,True,"[""/William_Bill_Fanning/""]",True,False,False,Repository and WordPress biographies are materially different and similar in length.
3041,Willie White,Willie White,Willie White,True,Willie_White,willie_white,1991,1991,Willie_White.jpg,True,https://jrhof.org/wp-content/uploads/2026/01/Willie_White.webp,https://jrhof.org/wp-content/uploads/2026/01/Willie_White.webp,200,184,220,wordpress-more-complete,https://jrhof.org/inductees/willie_white/,https://jrhof.org/inductees/willie_white/,200,200,Willie White,False,links_to_bio,complete,live_resolves,wordpress,use_wordpress_bio,https://jrhof.org/inductees/willie_white/,True,"[""/Willie_White/""]",False,False,False,WordPress biography is materially more complete than repo version.
